2025-05-12 01:52:24,638 Worker rq:worker:d36716f067e44ea69397cf5890626f7b started with PID 26077, version 2.3.2
2025-05-12 01:52:24,639 Subscribing to channel rq:pubsub:d36716f067e44ea69397cf5890626f7b
2025-05-12 01:52:24,641 *** Listening on home-lisian-trash2-frappe-bench:short, home-lisian-trash2-frappe-bench:default, home-lisian-trash2-frappe-bench:long...
2025-05-12 01:52:24,643 Cleaning registries for queue: home-lisian-trash2-frappe-bench:short
2025-05-12 01:52:24,646 Cleaning registries for queue: home-lisian-trash2-frappe-bench:default
2025-05-12 01:52:24,648 Cleaning registries for queue: home-lisian-trash2-frappe-bench:long
2025-05-12 01:56:02,202 Worker d36716f067e44ea69397cf5890626f7b [PID 26077]: warm shut down requested
Traceback (most recent call last):
  File "/home/lisian/trash2/frappe-bench/env/lib/python3.10/site-packages/redis/connection.py", line 357, in connect
    sock = self.retry.call_with_retry(
  File "/home/lisian/trash2/frappe-bench/env/lib/python3.10/site-packages/redis/retry.py", line 62, in call_with_retry
    return do()
  File "/home/lisian/trash2/frappe-bench/env/lib/python3.10/site-packages/redis/connection.py", line 358, in <lambda>
    lambda: self._connect(), lambda error: self.disconnect(error)
  File "/home/lisian/trash2/frappe-bench/env/lib/python3.10/site-packages/redis/connection.py", line 730, in _connect
    raise err
  File "/home/lisian/trash2/frappe-bench/env/lib/python3.10/site-packages/redis/connection.py", line 718, in _connect
    sock.connect(socket_address)
ConnectionRefusedError: [Errno 111] Connection refused

During handling of the above exception, another exception occurred:

Traceback (most recent call last):
  File "/home/lisian/trash2/frappe-bench/apps/frappe/frappe/utils/bench_helper.py", line 48, in invoke
    return super().invoke(ctx)
  File "/home/lisian/trash2/frappe-bench/env/lib/python3.10/site-packages/click/core.py", line 1697, in invoke
    return _process_result(sub_ctx.command.invoke(sub_ctx))
  File "/home/lisian/trash2/frappe-bench/env/lib/python3.10/site-packages/click/core.py", line 1443, in invoke
    return ctx.invoke(self.callback, **ctx.params)
  File "/home/lisian/trash2/frappe-bench/env/lib/python3.10/site-packages/click/core.py", line 788, in invoke
    return __callback(*args, **kwargs)
  File "/home/lisian/trash2/frappe-bench/apps/frappe/frappe/commands/scheduler.py", line 206, in start_worker
    start_worker(
  File "/home/lisian/trash2/frappe-bench/apps/frappe/frappe/utils/background_jobs.py", line 350, in start_worker
    worker.work(
  File "/home/lisian/trash2/frappe-bench/env/lib/python3.10/site-packages/rq/worker.py", line 649, in work
    self.teardown()
  File "/home/lisian/trash2/frappe-bench/env/lib/python3.10/site-packages/rq/worker.py", line 1150, in teardown
    self.register_death()
  File "/home/lisian/trash2/frappe-bench/env/lib/python3.10/site-packages/rq/worker.py", line 897, in register_death
    p.execute()
  File "/home/lisian/trash2/frappe-bench/env/lib/python3.10/site-packages/redis/client.py", line 1524, in execute
    conn = self.connection_pool.get_connection("MULTI", self.shard_hint)
  File "/home/lisian/trash2/frappe-bench/env/lib/python3.10/site-packages/redis/connection.py", line 1422, in get_connection
    connection.connect()
  File "/home/lisian/trash2/frappe-bench/env/lib/python3.10/site-packages/redis/connection.py", line 363, in connect
    raise ConnectionError(self._error_message(e))
redis.exceptions.ConnectionError: Error 111 connecting to 127.0.0.1:11000. Connection refused.

Error 111 connecting to 127.0.0.1:11000. Connection refused.
2025-05-12 02:01:35,756 Worker rq:worker:45497b4bd9284c7a8ebdc7bfb63d4119 started with PID 28542, version 2.3.2
2025-05-12 02:01:35,756 Subscribing to channel rq:pubsub:45497b4bd9284c7a8ebdc7bfb63d4119
2025-05-12 02:01:35,759 *** Listening on home-lisian-trash2-frappe-bench:short, home-lisian-trash2-frappe-bench:default, home-lisian-trash2-frappe-bench:long...
2025-05-12 02:01:35,760 Cleaning registries for queue: home-lisian-trash2-frappe-bench:short
2025-05-12 02:01:35,765 Cleaning registries for queue: home-lisian-trash2-frappe-bench:default
2025-05-12 02:01:35,767 Cleaning registries for queue: home-lisian-trash2-frappe-bench:long
2025-05-12 02:02:45,177 home-lisian-trash2-frappe-bench:default: frappe.utils.background_jobs.execute_job(event=None, is_async=True, job_name='frappe.model.delete_doc.delete_dynamic_links', kwargs={'doctype': 'Property Setter', 'name': 'Employee-naming_series-hidden'}, method='frappe.model.delete_doc.delete_dynamic_links', site='localhost', user='Administrator') (localhost||6a70f4be-85b8-4c32-94c8-35264d6f0163)
2025-05-12 02:02:45,362 Successfully completed frappe.utils.background_jobs.execute_job(event=None, is_async=True, job_name='frappe.model.delete_doc.delete_dynamic_links', kwargs={'doctype': 'Property Setter', 'name': 'Employee-naming_series-hidden'}, method='frappe.model.delete_doc.delete_dynamic_links', site='localhost', user='Administrator') job in 0:00:00.125354s on worker 45497b4bd9284c7a8ebdc7bfb63d4119
2025-05-12 02:02:45,362 home-lisian-trash2-frappe-bench:default: Job OK (localhost||6a70f4be-85b8-4c32-94c8-35264d6f0163)
2025-05-12 02:02:45,362 Result is kept for 600 seconds
2025-05-12 02:02:45,370 home-lisian-trash2-frappe-bench:default: frappe.utils.background_jobs.execute_job(event=None, is_async=True, job_name='frappe.model.delete_doc.delete_dynamic_links', kwargs={'doctype': 'Property Setter', 'name': 'Employee-naming_series-reqd'}, method='frappe.model.delete_doc.delete_dynamic_links', site='localhost', user='Administrator') (localhost||1771095b-5449-4236-b835-afef5b3823cc)
2025-05-12 02:02:45,431 Successfully completed frappe.utils.background_jobs.execute_job(event=None, is_async=True, job_name='frappe.model.delete_doc.delete_dynamic_links', kwargs={'doctype': 'Property Setter', 'name': 'Employee-naming_series-reqd'}, method='frappe.model.delete_doc.delete_dynamic_links', site='localhost', user='Administrator') job in 0:00:00.047720s on worker 45497b4bd9284c7a8ebdc7bfb63d4119
2025-05-12 02:02:45,431 home-lisian-trash2-frappe-bench:default: Job OK (localhost||1771095b-5449-4236-b835-afef5b3823cc)
2025-05-12 02:02:45,431 Result is kept for 600 seconds
2025-05-12 02:02:45,440 home-lisian-trash2-frappe-bench:default: frappe.utils.background_jobs.execute_job(event=None, is_async=True, job_name='frappe.model.delete_doc.delete_dynamic_links', kwargs={'doctype': 'Property Setter', 'name': 'Employee-employee_number-reqd'}, method='frappe.model.delete_doc.delete_dynamic_links', site='localhost', user='Administrator') (localhost||29aac4dd-277d-447c-9c8c-f3dd894ff64b)
2025-05-12 02:02:45,498 Successfully completed frappe.utils.background_jobs.execute_job(event=None, is_async=True, job_name='frappe.model.delete_doc.delete_dynamic_links', kwargs={'doctype': 'Property Setter', 'name': 'Employee-employee_number-reqd'}, method='frappe.model.delete_doc.delete_dynamic_links', site='localhost', user='Administrator') job in 0:00:00.046970s on worker 45497b4bd9284c7a8ebdc7bfb63d4119
2025-05-12 02:02:45,498 home-lisian-trash2-frappe-bench:default: Job OK (localhost||29aac4dd-277d-447c-9c8c-f3dd894ff64b)
2025-05-12 02:02:45,498 Result is kept for 600 seconds
2025-05-12 02:02:45,507 home-lisian-trash2-frappe-bench:default: frappe.utils.background_jobs.execute_job(event=None, is_async=True, job_name='frappe.model.delete_doc.delete_dynamic_links', kwargs={'doctype': 'Property Setter', 'name': 'Employee-employee_number-hidden'}, method='frappe.model.delete_doc.delete_dynamic_links', site='localhost', user='Administrator') (localhost||9ce3c524-198d-4a91-a57d-7a27db1089e6)
2025-05-12 02:02:45,566 Successfully completed frappe.utils.background_jobs.execute_job(event=None, is_async=True, job_name='frappe.model.delete_doc.delete_dynamic_links', kwargs={'doctype': 'Property Setter', 'name': 'Employee-employee_number-hidden'}, method='frappe.model.delete_doc.delete_dynamic_links', site='localhost', user='Administrator') job in 0:00:00.048499s on worker 45497b4bd9284c7a8ebdc7bfb63d4119
2025-05-12 02:02:45,566 home-lisian-trash2-frappe-bench:default: Job OK (localhost||9ce3c524-198d-4a91-a57d-7a27db1089e6)
2025-05-12 02:02:45,566 Result is kept for 600 seconds
2025-05-12 02:03:56,457 Worker 45497b4bd9284c7a8ebdc7bfb63d4119 [PID 28542]: warm shut down requested
2025-05-12 02:03:56,460 Unsubscribing from channel rq:pubsub:45497b4bd9284c7a8ebdc7bfb63d4119
2025-05-12 02:16:42,535 Worker rq:worker:083260a5a92f4861b897f57df14b20cb started with PID 31788, version 2.3.2
2025-05-12 02:16:42,536 Subscribing to channel rq:pubsub:083260a5a92f4861b897f57df14b20cb
2025-05-12 02:16:42,537 *** Listening on home-lisian-trash2-frappe-bench:short, home-lisian-trash2-frappe-bench:default, home-lisian-trash2-frappe-bench:long...
2025-05-12 02:16:42,538 Cleaning registries for queue: home-lisian-trash2-frappe-bench:short
2025-05-12 02:16:42,540 Cleaning registries for queue: home-lisian-trash2-frappe-bench:default
2025-05-12 02:16:42,542 Cleaning registries for queue: home-lisian-trash2-frappe-bench:long
2025-05-12 02:18:03,728 home-lisian-trash2-frappe-bench:default: frappe.utils.background_jobs.execute_job(event=None, is_async=True, job_name='frappe.core.doctype.user.user.create_contact', kwargs={'user': <User: doctype=User lisian40000@gmail.com>, 'ignore_mandatory': Tr..., method='frappe.core.doctype.user.user.create_contact', site='localhost', user='Administrator') (localhost||bdd1db86-78cd-4388-9095-0f61292f90a6)
2025-05-12 02:18:04,821 Successfully completed frappe.utils.background_jobs.execute_job(event=None, is_async=True, job_name='frappe.core.doctype.user.user.create_contact', kwargs={'user': <User: doctype=User lisian40000@gmail.com>, 'ignore_mandatory': Tr..., method='frappe.core.doctype.user.user.create_contact', site='localhost', user='Administrator') job in 0:00:00.783449s on worker 083260a5a92f4861b897f57df14b20cb
2025-05-12 02:18:04,822 home-lisian-trash2-frappe-bench:default: Job OK (localhost||bdd1db86-78cd-4388-9095-0f61292f90a6)
2025-05-12 02:18:04,822 Result is kept for 600 seconds
2025-05-12 02:18:04,835 home-lisian-trash2-frappe-bench:default: frappe.utils.background_jobs.execute_job(event=None, is_async=True, job_name='frappe.core.doctype.user.user.update_gravatar', kwargs={'name': 'lisian40000@gmail.com'}, method='frappe.core.doctype.user.user.update_gravatar', site='localhost', user='Administrator') (localhost||be712e04-b29f-4137-b22c-e2fecc16ee77)
2025-05-12 02:18:04,967 Successfully completed frappe.utils.background_jobs.execute_job(event=None, is_async=True, job_name='frappe.core.doctype.user.user.update_gravatar', kwargs={'name': 'lisian40000@gmail.com'}, method='frappe.core.doctype.user.user.update_gravatar', site='localhost', user='Administrator') job in 0:00:00.122201s on worker 083260a5a92f4861b897f57df14b20cb
2025-05-12 02:18:04,967 home-lisian-trash2-frappe-bench:default: Job OK (localhost||be712e04-b29f-4137-b22c-e2fecc16ee77)
2025-05-12 02:18:04,967 Result is kept for 600 seconds
2025-05-12 02:18:04,976 home-lisian-trash2-frappe-bench:default: frappe.utils.background_jobs.execute_job(event=None, is_async=True, job_name='frappe.model.delete_doc.delete_dynamic_links', kwargs={'doctype': 'Property Setter', 'name': 'Sales Order-tax_id-hidden'}, method='frappe.model.delete_doc.delete_dynamic_links', site='localhost', user='Administrator') (localhost||aada9b37-01c7-47bb-848f-d4d66ea3e8cc)
2025-05-12 02:18:05,028 Successfully completed frappe.utils.background_jobs.execute_job(event=None, is_async=True, job_name='frappe.model.delete_doc.delete_dynamic_links', kwargs={'doctype': 'Property Setter', 'name': 'Sales Order-tax_id-hidden'}, method='frappe.model.delete_doc.delete_dynamic_links', site='localhost', user='Administrator') job in 0:00:00.043859s on worker 083260a5a92f4861b897f57df14b20cb
2025-05-12 02:18:05,028 home-lisian-trash2-frappe-bench:default: Job OK (localhost||aada9b37-01c7-47bb-848f-d4d66ea3e8cc)
2025-05-12 02:18:05,028 Result is kept for 600 seconds
2025-05-12 02:18:05,036 home-lisian-trash2-frappe-bench:default: frappe.utils.background_jobs.execute_job(event=None, is_async=True, job_name='frappe.model.delete_doc.delete_dynamic_links', kwargs={'doctype': 'Property Setter', 'name': 'Sales Order-tax_id-print_hide'}, method='frappe.model.delete_doc.delete_dynamic_links', site='localhost', user='Administrator') (localhost||9c3bfede-5dfa-4b92-91bc-7cc421f44ca4)
2025-05-12 02:18:05,089 Successfully completed frappe.utils.background_jobs.execute_job(event=None, is_async=True, job_name='frappe.model.delete_doc.delete_dynamic_links', kwargs={'doctype': 'Property Setter', 'name': 'Sales Order-tax_id-print_hide'}, method='frappe.model.delete_doc.delete_dynamic_links', site='localhost', user='Administrator') job in 0:00:00.043622s on worker 083260a5a92f4861b897f57df14b20cb
2025-05-12 02:18:05,089 home-lisian-trash2-frappe-bench:default: Job OK (localhost||9c3bfede-5dfa-4b92-91bc-7cc421f44ca4)
2025-05-12 02:18:05,089 Result is kept for 600 seconds
2025-05-12 02:18:05,096 home-lisian-trash2-frappe-bench:default: frappe.utils.background_jobs.execute_job(event=None, is_async=True, job_name='frappe.model.delete_doc.delete_dynamic_links', kwargs={'doctype': 'Property Setter', 'name': 'Sales Invoice-tax_id-hidden'}, method='frappe.model.delete_doc.delete_dynamic_links', site='localhost', user='Administrator') (localhost||28f29ac9-fc1c-4b84-b3f7-196ca0ff0837)
2025-05-12 02:18:05,149 Successfully completed frappe.utils.background_jobs.execute_job(event=None, is_async=True, job_name='frappe.model.delete_doc.delete_dynamic_links', kwargs={'doctype': 'Property Setter', 'name': 'Sales Invoice-tax_id-hidden'}, method='frappe.model.delete_doc.delete_dynamic_links', site='localhost', user='Administrator') job in 0:00:00.043624s on worker 083260a5a92f4861b897f57df14b20cb
2025-05-12 02:18:05,149 home-lisian-trash2-frappe-bench:default: Job OK (localhost||28f29ac9-fc1c-4b84-b3f7-196ca0ff0837)
2025-05-12 02:18:05,149 Result is kept for 600 seconds
2025-05-12 02:18:05,157 home-lisian-trash2-frappe-bench:default: frappe.utils.background_jobs.execute_job(event=None, is_async=True, job_name='frappe.model.delete_doc.delete_dynamic_links', kwargs={'doctype': 'Property Setter', 'name': 'Sales Invoice-tax_id-print_hide'}, method='frappe.model.delete_doc.delete_dynamic_links', site='localhost', user='Administrator') (localhost||43fa1c47-695a-47c7-8637-d25d16377c6e)
2025-05-12 02:18:05,208 Successfully completed frappe.utils.background_jobs.execute_job(event=None, is_async=True, job_name='frappe.model.delete_doc.delete_dynamic_links', kwargs={'doctype': 'Property Setter', 'name': 'Sales Invoice-tax_id-print_hide'}, method='frappe.model.delete_doc.delete_dynamic_links', site='localhost', user='Administrator') job in 0:00:00.041223s on worker 083260a5a92f4861b897f57df14b20cb
2025-05-12 02:18:05,208 home-lisian-trash2-frappe-bench:default: Job OK (localhost||43fa1c47-695a-47c7-8637-d25d16377c6e)
2025-05-12 02:18:05,208 Result is kept for 600 seconds
2025-05-12 02:18:05,216 home-lisian-trash2-frappe-bench:default: frappe.utils.background_jobs.execute_job(event=None, is_async=True, job_name='frappe.model.delete_doc.delete_dynamic_links', kwargs={'doctype': 'Property Setter', 'name': 'Delivery Note-tax_id-hidden'}, method='frappe.model.delete_doc.delete_dynamic_links', site='localhost', user='Administrator') (localhost||2e12d8ad-cbdd-4f7f-9a45-c2c9e50299cf)
2025-05-12 02:18:05,270 Successfully completed frappe.utils.background_jobs.execute_job(event=None, is_async=True, job_name='frappe.model.delete_doc.delete_dynamic_links', kwargs={'doctype': 'Property Setter', 'name': 'Delivery Note-tax_id-hidden'}, method='frappe.model.delete_doc.delete_dynamic_links', site='localhost', user='Administrator') job in 0:00:00.044524s on worker 083260a5a92f4861b897f57df14b20cb
2025-05-12 02:18:05,270 home-lisian-trash2-frappe-bench:default: Job OK (localhost||2e12d8ad-cbdd-4f7f-9a45-c2c9e50299cf)
2025-05-12 02:18:05,270 Result is kept for 600 seconds
2025-05-12 02:18:05,278 home-lisian-trash2-frappe-bench:default: frappe.utils.background_jobs.execute_job(event=None, is_async=True, job_name='frappe.model.delete_doc.delete_dynamic_links', kwargs={'doctype': 'Property Setter', 'name': 'Delivery Note-tax_id-print_hide'}, method='frappe.model.delete_doc.delete_dynamic_links', site='localhost', user='Administrator') (localhost||246a6c99-d896-4c42-9086-e6a268732a9b)
2025-05-12 02:18:05,330 Successfully completed frappe.utils.background_jobs.execute_job(event=None, is_async=True, job_name='frappe.model.delete_doc.delete_dynamic_links', kwargs={'doctype': 'Property Setter', 'name': 'Delivery Note-tax_id-print_hide'}, method='frappe.model.delete_doc.delete_dynamic_links', site='localhost', user='Administrator') job in 0:00:00.042262s on worker 083260a5a92f4861b897f57df14b20cb
2025-05-12 02:18:05,330 home-lisian-trash2-frappe-bench:default: Job OK (localhost||246a6c99-d896-4c42-9086-e6a268732a9b)
2025-05-12 02:18:05,330 Result is kept for 600 seconds
2025-05-12 02:18:05,339 home-lisian-trash2-frappe-bench:default: frappe.utils.background_jobs.execute_job(event=None, is_async=True, job_name='frappe.model.delete_doc.delete_dynamic_links', kwargs={'doctype': 'Property Setter', 'name': 'Packed Item-rate-read_only'}, method='frappe.model.delete_doc.delete_dynamic_links', site='localhost', user='Administrator') (localhost||91abb26a-34b4-4c5a-8f02-b15d02b391a7)
2025-05-12 02:18:05,389 Successfully completed frappe.utils.background_jobs.execute_job(event=None, is_async=True, job_name='frappe.model.delete_doc.delete_dynamic_links', kwargs={'doctype': 'Property Setter', 'name': 'Packed Item-rate-read_only'}, method='frappe.model.delete_doc.delete_dynamic_links', site='localhost', user='Administrator') job in 0:00:00.041596s on worker 083260a5a92f4861b897f57df14b20cb
2025-05-12 02:18:05,389 home-lisian-trash2-frappe-bench:default: Job OK (localhost||91abb26a-34b4-4c5a-8f02-b15d02b391a7)
2025-05-12 02:18:05,389 Result is kept for 600 seconds
2025-05-12 02:18:05,397 home-lisian-trash2-frappe-bench:default: frappe.utils.background_jobs.execute_job(event=None, is_async=True, job_name='frappe.model.delete_doc.delete_dynamic_links', kwargs={'doctype': 'Property Setter', 'name': 'Sales Invoice Item-discount_account..., method='frappe.model.delete_doc.delete_dynamic_links', site='localhost', user='Administrator') (localhost||ce4871c2-de28-41d0-850a-76e754ed7c56)
2025-05-12 02:18:05,448 Successfully completed frappe.utils.background_jobs.execute_job(event=None, is_async=True, job_name='frappe.model.delete_doc.delete_dynamic_links', kwargs={'doctype': 'Property Setter', 'name': 'Sales Invoice Item-discount_account..., method='frappe.model.delete_doc.delete_dynamic_links', site='localhost', user='Administrator') job in 0:00:00.042055s on worker 083260a5a92f4861b897f57df14b20cb
2025-05-12 02:18:05,448 home-lisian-trash2-frappe-bench:default: Job OK (localhost||ce4871c2-de28-41d0-850a-76e754ed7c56)
2025-05-12 02:18:05,448 Result is kept for 600 seconds
2025-05-12 02:18:05,457 home-lisian-trash2-frappe-bench:default: frappe.utils.background_jobs.execute_job(event=None, is_async=True, job_name='frappe.model.delete_doc.delete_dynamic_links', kwargs={'doctype': 'Property Setter', 'name': 'Sales Invoice Item-discount_account..., method='frappe.model.delete_doc.delete_dynamic_links', site='localhost', user='Administrator') (localhost||7d86972b-d62c-4f4b-a2d0-9bb4f055e47f)
2025-05-12 02:18:05,507 Successfully completed frappe.utils.background_jobs.execute_job(event=None, is_async=True, job_name='frappe.model.delete_doc.delete_dynamic_links', kwargs={'doctype': 'Property Setter', 'name': 'Sales Invoice Item-discount_account..., method='frappe.model.delete_doc.delete_dynamic_links', site='localhost', user='Administrator') job in 0:00:00.040890s on worker 083260a5a92f4861b897f57df14b20cb
2025-05-12 02:18:05,507 home-lisian-trash2-frappe-bench:default: Job OK (localhost||7d86972b-d62c-4f4b-a2d0-9bb4f055e47f)
2025-05-12 02:18:05,507 Result is kept for 600 seconds
2025-05-12 02:18:05,515 home-lisian-trash2-frappe-bench:default: frappe.utils.background_jobs.execute_job(event=None, is_async=True, job_name='erpnext.setup.demo.setup_demo_data', kwargs={}, method=<function setup_demo_data at 0x73c65daceb00>, site='localhost', user='lisian40000@gmail.com') (localhost||31308c6d-5892-4139-bacb-bbac8206ff4a)
Traceback (most recent call last):
  File "apps/frappe/frappe/utils/background_jobs.py", line 270, in execute_job
    retval = method(**kwargs)
  File "apps/erpnext/erpnext/setup/demo.py", line 26, in setup_demo_data
    make_transactions(company)
  File "apps/erpnext/erpnext/setup/demo.py", line 114, in make_transactions
    create_transaction(item, company, start_date)
  File "apps/erpnext/erpnext/setup/demo.py", line 141, in create_transaction
    doc.save(ignore_permissions=True)
  File "apps/frappe/frappe/model/document.py", line 483, in save
    return self._save(*args, **kwargs)
  File "apps/frappe/frappe/model/document.py", line 505, in _save
    return self.insert()
  File "apps/frappe/frappe/model/document.py", line 413, in insert
    self.run_before_save_methods()
  File "apps/frappe/frappe/model/document.py", line 1276, in run_before_save_methods
    self.run_method("validate")
  File "apps/frappe/frappe/model/document.py", line 1127, in run_method
    out = Document.hook(fn)(self, *args, **kwargs)
  File "apps/frappe/frappe/model/document.py", line 1511, in composer
    return composed(self, method, *args, **kwargs)
  File "apps/frappe/frappe/model/document.py", line 1489, in runner
    add_to_return_value(self, fn(self, *args, **kwargs))
  File "apps/frappe/frappe/model/document.py", line 1124, in fn
    return method_object(*args, **kwargs)
  File "apps/erpnext/erpnext/buying/doctype/purchase_order/purchase_order.py", line 200, in validate
    super().validate()
  File "apps/erpnext/erpnext/controllers/buying_controller.py", line 33, in validate
    super().validate()
  File "apps/erpnext/erpnext/controllers/subcontracting_controller.py", line 56, in validate
    super().validate()
  File "apps/erpnext/erpnext/controllers/stock_controller.py", line 52, in validate
    super().validate()
  File "apps/erpnext/erpnext/controllers/accounts_controller.py", line 222, in validate
    self.set_missing_values(for_validate=True)
  File "apps/erpnext/erpnext/buying/doctype/purchase_order/purchase_order.py", line 700, in set_missing_values
    super().set_missing_values(for_validate)
  File "apps/erpnext/erpnext/controllers/buying_controller.py", line 159, in set_missing_values
    get_party_details(
  File "apps/frappe/frappe/utils/typing_validations.py", line 32, in wrapper
    return func(*args, **kwargs)
  File "apps/erpnext/erpnext/accounts/party.py", line 81, in get_party_details
    return _get_party_details(
  File "apps/erpnext/erpnext/accounts/party.py", line 143, in _get_party_details
    set_contact_details(party_details, party, party_type)
  File "apps/erpnext/erpnext/accounts/party.py", line 349, in set_contact_details
    party_details.contact_person = get_default_contact(party_type, party.name)
  File "apps/erpnext/erpnext/accounts/party.py", line 1024, in get_default_contact
    contacts = frappe.get_all(
  File "apps/frappe/frappe/__init__.py", line 1762, in get_all
    return get_list(doctype, *args, **kwargs)
  File "apps/frappe/frappe/__init__.py", line 1737, in get_list
    return frappe.model.db_query.DatabaseQuery(doctype).execute(*args, **kwargs)
  File "apps/frappe/frappe/model/db_query.py", line 209, in execute
    result = self.build_and_run()
  File "apps/frappe/frappe/model/db_query.py", line 250, in build_and_run
    return frappe.db.sql(
  File "apps/frappe/frappe/database/database.py", line 260, in sql
    self.execute_query(query, values)
  File "apps/frappe/frappe/database/database.py", line 355, in execute_query
    return self._cursor.execute(query, values)
  File "env/lib/python3.10/site-packages/pymysql/cursors.py", line 153, in execute
    result = self._query(query)
  File "env/lib/python3.10/site-packages/pymysql/cursors.py", line 322, in _query
    conn.query(q)
  File "env/lib/python3.10/site-packages/pymysql/connections.py", line 563, in query
    self._affected_rows = self._read_query_result(unbuffered=unbuffered)
  File "env/lib/python3.10/site-packages/pymysql/connections.py", line 825, in _read_query_result
    result.read()
  File "env/lib/python3.10/site-packages/pymysql/connections.py", line 1199, in read
    first_packet = self.connection._read_packet()
  File "env/lib/python3.10/site-packages/pymysql/connections.py", line 775, in _read_packet
    packet.raise_for_error()
  File "env/lib/python3.10/site-packages/pymysql/protocol.py", line 219, in raise_for_error
    err.raise_mysql_exception(self._data)
  File "env/lib/python3.10/site-packages/pymysql/err.py", line 150, in raise_mysql_exception
    raise errorclass(errno, errval)
pymysql.err.OperationalError: (1054, "Unknown column 'tabContact.is_billing_contact' in 'WHERE'")

2025-05-12 02:18:11,598 home-lisian-trash2-frappe-bench:default: frappe.utils.background_jobs.execute_job(event=None, is_async=True, job_name='frappe.model.delete_doc.delete_dynamic_links', kwargs={'doctype': 'Property Setter', 'name': 'Sales Invoice-additional_discount_a..., method='frappe.model.delete_doc.delete_dynamic_links', site='localhost', user='Administrator') (localhost||2c81e32a-d1cf-4689-8a5f-804a43e779d6)
2025-05-12 02:18:11,647 Successfully completed frappe.utils.background_jobs.execute_job(event=None, is_async=True, job_name='frappe.model.delete_doc.delete_dynamic_links', kwargs={'doctype': 'Property Setter', 'name': 'Sales Invoice-additional_discount_a..., method='frappe.model.delete_doc.delete_dynamic_links', site='localhost', user='Administrator') job in 0:00:00.039235s on worker 083260a5a92f4861b897f57df14b20cb
2025-05-12 02:18:11,648 home-lisian-trash2-frappe-bench:default: Job OK (localhost||2c81e32a-d1cf-4689-8a5f-804a43e779d6)
2025-05-12 02:18:11,648 Result is kept for 600 seconds
2025-05-12 02:18:11,657 home-lisian-trash2-frappe-bench:default: frappe.utils.background_jobs.execute_job(event=None, is_async=True, job_name='frappe.model.delete_doc.delete_dynamic_links', kwargs={'doctype': 'Property Setter', 'name': 'Sales Invoice-additional_discount_a..., method='frappe.model.delete_doc.delete_dynamic_links', site='localhost', user='Administrator') (localhost||a65954da-ebc7-4bec-876f-dd99e21b5df2)
2025-05-12 02:18:11,708 Successfully completed frappe.utils.background_jobs.execute_job(event=None, is_async=True, job_name='frappe.model.delete_doc.delete_dynamic_links', kwargs={'doctype': 'Property Setter', 'name': 'Sales Invoice-additional_discount_a..., method='frappe.model.delete_doc.delete_dynamic_links', site='localhost', user='Administrator') job in 0:00:00.041382s on worker 083260a5a92f4861b897f57df14b20cb
2025-05-12 02:18:11,709 home-lisian-trash2-frappe-bench:default: Job OK (localhost||a65954da-ebc7-4bec-876f-dd99e21b5df2)
2025-05-12 02:18:11,709 Result is kept for 600 seconds
2025-05-12 02:18:11,719 home-lisian-trash2-frappe-bench:default: frappe.utils.background_jobs.execute_job(event=None, is_async=True, job_name='frappe.model.delete_doc.delete_dynamic_links', kwargs={'doctype': 'Property Setter', 'name': 'Supplier-naming_series-reqd'}, method='frappe.model.delete_doc.delete_dynamic_links', site='localhost', user='Administrator') (localhost||23ef3b65-4a7e-42e0-becc-26a26aff0719)
2025-05-12 02:18:11,773 Successfully completed frappe.utils.background_jobs.execute_job(event=None, is_async=True, job_name='frappe.model.delete_doc.delete_dynamic_links', kwargs={'doctype': 'Property Setter', 'name': 'Supplier-naming_series-reqd'}, method='frappe.model.delete_doc.delete_dynamic_links', site='localhost', user='Administrator') job in 0:00:00.044636s on worker 083260a5a92f4861b897f57df14b20cb
2025-05-12 02:18:11,774 home-lisian-trash2-frappe-bench:default: Job OK (localhost||23ef3b65-4a7e-42e0-becc-26a26aff0719)
2025-05-12 02:18:11,774 Result is kept for 600 seconds
2025-05-12 02:18:11,784 home-lisian-trash2-frappe-bench:default: frappe.utils.background_jobs.execute_job(event=None, is_async=True, job_name='frappe.model.delete_doc.delete_dynamic_links', kwargs={'doctype': 'Property Setter', 'name': 'Supplier-naming_series-hidden'}, method='frappe.model.delete_doc.delete_dynamic_links', site='localhost', user='Administrator') (localhost||4b1ddb67-2fcc-41dc-b12e-11d31d46a4c6)
2025-05-12 02:18:11,845 Successfully completed frappe.utils.background_jobs.execute_job(event=None, is_async=True, job_name='frappe.model.delete_doc.delete_dynamic_links', kwargs={'doctype': 'Property Setter', 'name': 'Supplier-naming_series-hidden'}, method='frappe.model.delete_doc.delete_dynamic_links', site='localhost', user='Administrator') job in 0:00:00.049443s on worker 083260a5a92f4861b897f57df14b20cb
2025-05-12 02:18:11,845 home-lisian-trash2-frappe-bench:default: Job OK (localhost||4b1ddb67-2fcc-41dc-b12e-11d31d46a4c6)
2025-05-12 02:18:11,845 Result is kept for 600 seconds
2025-05-12 02:18:11,853 home-lisian-trash2-frappe-bench:default: frappe.utils.background_jobs.execute_job(event=None, is_async=True, job_name='frappe.model.delete_doc.delete_dynamic_links', kwargs={'doctype': 'Property Setter', 'name': 'Customer-naming_series-reqd'}, method='frappe.model.delete_doc.delete_dynamic_links', site='localhost', user='Administrator') (localhost||5d0f4d4f-e511-4067-9058-aaba490b6054)
2025-05-12 02:18:11,907 Successfully completed frappe.utils.background_jobs.execute_job(event=None, is_async=True, job_name='frappe.model.delete_doc.delete_dynamic_links', kwargs={'doctype': 'Property Setter', 'name': 'Customer-naming_series-reqd'}, method='frappe.model.delete_doc.delete_dynamic_links', site='localhost', user='Administrator') job in 0:00:00.044585s on worker 083260a5a92f4861b897f57df14b20cb
2025-05-12 02:18:11,907 home-lisian-trash2-frappe-bench:default: Job OK (localhost||5d0f4d4f-e511-4067-9058-aaba490b6054)
2025-05-12 02:18:11,907 Result is kept for 600 seconds
2025-05-12 02:18:11,915 home-lisian-trash2-frappe-bench:default: frappe.utils.background_jobs.execute_job(event=None, is_async=True, job_name='frappe.model.delete_doc.delete_dynamic_links', kwargs={'doctype': 'Property Setter', 'name': 'Customer-naming_series-hidden'}, method='frappe.model.delete_doc.delete_dynamic_links', site='localhost', user='Administrator') (localhost||bfa4423b-d063-4402-a038-5e30fd0d0c95)
2025-05-12 02:18:11,969 Successfully completed frappe.utils.background_jobs.execute_job(event=None, is_async=True, job_name='frappe.model.delete_doc.delete_dynamic_links', kwargs={'doctype': 'Property Setter', 'name': 'Customer-naming_series-hidden'}, method='frappe.model.delete_doc.delete_dynamic_links', site='localhost', user='Administrator') job in 0:00:00.045318s on worker 083260a5a92f4861b897f57df14b20cb
2025-05-12 02:18:11,970 home-lisian-trash2-frappe-bench:default: Job OK (localhost||bfa4423b-d063-4402-a038-5e30fd0d0c95)
2025-05-12 02:18:11,970 Result is kept for 600 seconds
2025-05-12 02:18:11,980 home-lisian-trash2-frappe-bench:default: frappe.utils.background_jobs.execute_job(event=None, is_async=True, job_name='frappe.model.delete_doc.delete_dynamic_links', kwargs={'doctype': 'Property Setter', 'name': 'Sales Order-tax_id-hidden'}, method='frappe.model.delete_doc.delete_dynamic_links', site='localhost', user='Administrator') (localhost||0033b794-0b6d-431b-bfc5-d1b875978709)
2025-05-12 02:18:12,032 Successfully completed frappe.utils.background_jobs.execute_job(event=None, is_async=True, job_name='frappe.model.delete_doc.delete_dynamic_links', kwargs={'doctype': 'Property Setter', 'name': 'Sales Order-tax_id-hidden'}, method='frappe.model.delete_doc.delete_dynamic_links', site='localhost', user='Administrator') job in 0:00:00.042585s on worker 083260a5a92f4861b897f57df14b20cb
2025-05-12 02:18:12,032 home-lisian-trash2-frappe-bench:default: Job OK (localhost||0033b794-0b6d-431b-bfc5-d1b875978709)
2025-05-12 02:18:12,032 Result is kept for 600 seconds
2025-05-12 02:18:12,041 home-lisian-trash2-frappe-bench:default: frappe.utils.background_jobs.execute_job(event=None, is_async=True, job_name='frappe.model.delete_doc.delete_dynamic_links', kwargs={'doctype': 'Property Setter', 'name': 'Sales Order-tax_id-print_hide'}, method='frappe.model.delete_doc.delete_dynamic_links', site='localhost', user='Administrator') (localhost||f592683d-7ba0-4842-8c5a-12057e317455)
2025-05-12 02:18:12,096 Successfully completed frappe.utils.background_jobs.execute_job(event=None, is_async=True, job_name='frappe.model.delete_doc.delete_dynamic_links', kwargs={'doctype': 'Property Setter', 'name': 'Sales Order-tax_id-print_hide'}, method='frappe.model.delete_doc.delete_dynamic_links', site='localhost', user='Administrator') job in 0:00:00.045875s on worker 083260a5a92f4861b897f57df14b20cb
2025-05-12 02:18:12,096 home-lisian-trash2-frappe-bench:default: Job OK (localhost||f592683d-7ba0-4842-8c5a-12057e317455)
2025-05-12 02:18:12,096 Result is kept for 600 seconds
2025-05-12 02:18:12,104 home-lisian-trash2-frappe-bench:default: frappe.utils.background_jobs.execute_job(event=None, is_async=True, job_name='frappe.model.delete_doc.delete_dynamic_links', kwargs={'doctype': 'Property Setter', 'name': 'Sales Invoice-tax_id-hidden'}, method='frappe.model.delete_doc.delete_dynamic_links', site='localhost', user='Administrator') (localhost||9686da41-df43-40c9-9bc0-85cded40bc5d)
2025-05-12 02:18:12,158 Successfully completed frappe.utils.background_jobs.execute_job(event=None, is_async=True, job_name='frappe.model.delete_doc.delete_dynamic_links', kwargs={'doctype': 'Property Setter', 'name': 'Sales Invoice-tax_id-hidden'}, method='frappe.model.delete_doc.delete_dynamic_links', site='localhost', user='Administrator') job in 0:00:00.044480s on worker 083260a5a92f4861b897f57df14b20cb
2025-05-12 02:18:12,158 home-lisian-trash2-frappe-bench:default: Job OK (localhost||9686da41-df43-40c9-9bc0-85cded40bc5d)
2025-05-12 02:18:12,158 Result is kept for 600 seconds
2025-05-12 02:18:12,166 home-lisian-trash2-frappe-bench:default: frappe.utils.background_jobs.execute_job(event=None, is_async=True, job_name='frappe.model.delete_doc.delete_dynamic_links', kwargs={'doctype': 'Property Setter', 'name': 'Sales Invoice-tax_id-print_hide'}, method='frappe.model.delete_doc.delete_dynamic_links', site='localhost', user='Administrator') (localhost||86ea0f8c-91e9-4fe5-ae0b-a929b1fb1580)
2025-05-12 02:18:12,221 Successfully completed frappe.utils.background_jobs.execute_job(event=None, is_async=True, job_name='frappe.model.delete_doc.delete_dynamic_links', kwargs={'doctype': 'Property Setter', 'name': 'Sales Invoice-tax_id-print_hide'}, method='frappe.model.delete_doc.delete_dynamic_links', site='localhost', user='Administrator') job in 0:00:00.045075s on worker 083260a5a92f4861b897f57df14b20cb
2025-05-12 02:18:12,221 home-lisian-trash2-frappe-bench:default: Job OK (localhost||86ea0f8c-91e9-4fe5-ae0b-a929b1fb1580)
2025-05-12 02:18:12,221 Result is kept for 600 seconds
2025-05-12 02:18:12,229 home-lisian-trash2-frappe-bench:default: frappe.utils.background_jobs.execute_job(event=None, is_async=True, job_name='frappe.model.delete_doc.delete_dynamic_links', kwargs={'doctype': 'Property Setter', 'name': 'Delivery Note-tax_id-hidden'}, method='frappe.model.delete_doc.delete_dynamic_links', site='localhost', user='Administrator') (localhost||97658bfe-b3f8-4af9-bf3d-dc6abfc8d852)
2025-05-12 02:18:12,282 Successfully completed frappe.utils.background_jobs.execute_job(event=None, is_async=True, job_name='frappe.model.delete_doc.delete_dynamic_links', kwargs={'doctype': 'Property Setter', 'name': 'Delivery Note-tax_id-hidden'}, method='frappe.model.delete_doc.delete_dynamic_links', site='localhost', user='Administrator') job in 0:00:00.044210s on worker 083260a5a92f4861b897f57df14b20cb
2025-05-12 02:18:12,282 home-lisian-trash2-frappe-bench:default: Job OK (localhost||97658bfe-b3f8-4af9-bf3d-dc6abfc8d852)
2025-05-12 02:18:12,282 Result is kept for 600 seconds
2025-05-12 02:18:12,291 home-lisian-trash2-frappe-bench:default: frappe.utils.background_jobs.execute_job(event=None, is_async=True, job_name='frappe.model.delete_doc.delete_dynamic_links', kwargs={'doctype': 'Property Setter', 'name': 'Delivery Note-tax_id-print_hide'}, method='frappe.model.delete_doc.delete_dynamic_links', site='localhost', user='Administrator') (localhost||2af59fac-686a-423e-b319-ffb40198bff4)
2025-05-12 02:18:12,344 Successfully completed frappe.utils.background_jobs.execute_job(event=None, is_async=True, job_name='frappe.model.delete_doc.delete_dynamic_links', kwargs={'doctype': 'Property Setter', 'name': 'Delivery Note-tax_id-print_hide'}, method='frappe.model.delete_doc.delete_dynamic_links', site='localhost', user='Administrator') job in 0:00:00.043719s on worker 083260a5a92f4861b897f57df14b20cb
2025-05-12 02:18:12,344 home-lisian-trash2-frappe-bench:default: Job OK (localhost||2af59fac-686a-423e-b319-ffb40198bff4)
2025-05-12 02:18:12,344 Result is kept for 600 seconds
2025-05-12 02:18:12,352 home-lisian-trash2-frappe-bench:default: frappe.utils.background_jobs.execute_job(event=None, is_async=True, job_name='frappe.model.delete_doc.delete_dynamic_links', kwargs={'doctype': 'Property Setter', 'name': 'Packed Item-rate-read_only'}, method='frappe.model.delete_doc.delete_dynamic_links', site='localhost', user='Administrator') (localhost||e90d5a74-cb15-426b-b07b-22d9be883cd4)
2025-05-12 02:18:12,405 Successfully completed frappe.utils.background_jobs.execute_job(event=None, is_async=True, job_name='frappe.model.delete_doc.delete_dynamic_links', kwargs={'doctype': 'Property Setter', 'name': 'Packed Item-rate-read_only'}, method='frappe.model.delete_doc.delete_dynamic_links', site='localhost', user='Administrator') job in 0:00:00.043993s on worker 083260a5a92f4861b897f57df14b20cb
2025-05-12 02:18:12,405 home-lisian-trash2-frappe-bench:default: Job OK (localhost||e90d5a74-cb15-426b-b07b-22d9be883cd4)
2025-05-12 02:18:12,405 Result is kept for 600 seconds
2025-05-12 02:18:12,414 home-lisian-trash2-frappe-bench:default: frappe.utils.background_jobs.execute_job(event=None, is_async=True, job_name='frappe.model.delete_doc.delete_dynamic_links', kwargs={'doctype': 'Property Setter', 'name': 'Sales Invoice Item-discount_account..., method='frappe.model.delete_doc.delete_dynamic_links', site='localhost', user='Administrator') (localhost||1e4923c5-7682-4c3c-95f0-9f94fb3e66c0)
2025-05-12 02:18:12,468 Successfully completed frappe.utils.background_jobs.execute_job(event=None, is_async=True, job_name='frappe.model.delete_doc.delete_dynamic_links', kwargs={'doctype': 'Property Setter', 'name': 'Sales Invoice Item-discount_account..., method='frappe.model.delete_doc.delete_dynamic_links', site='localhost', user='Administrator') job in 0:00:00.045416s on worker 083260a5a92f4861b897f57df14b20cb
2025-05-12 02:18:12,468 home-lisian-trash2-frappe-bench:default: Job OK (localhost||1e4923c5-7682-4c3c-95f0-9f94fb3e66c0)
2025-05-12 02:18:12,468 Result is kept for 600 seconds
2025-05-12 02:18:12,477 home-lisian-trash2-frappe-bench:default: frappe.utils.background_jobs.execute_job(event=None, is_async=True, job_name='frappe.model.delete_doc.delete_dynamic_links', kwargs={'doctype': 'Property Setter', 'name': 'Sales Invoice Item-discount_account..., method='frappe.model.delete_doc.delete_dynamic_links', site='localhost', user='Administrator') (localhost||f20bbdda-a3e2-466c-a830-f65d210c495d)
2025-05-12 02:18:12,528 Successfully completed frappe.utils.background_jobs.execute_job(event=None, is_async=True, job_name='frappe.model.delete_doc.delete_dynamic_links', kwargs={'doctype': 'Property Setter', 'name': 'Sales Invoice Item-discount_account..., method='frappe.model.delete_doc.delete_dynamic_links', site='localhost', user='Administrator') job in 0:00:00.041422s on worker 083260a5a92f4861b897f57df14b20cb
2025-05-12 02:18:12,528 home-lisian-trash2-frappe-bench:default: Job OK (localhost||f20bbdda-a3e2-466c-a830-f65d210c495d)
2025-05-12 02:18:12,528 Result is kept for 600 seconds
2025-05-12 02:18:12,537 home-lisian-trash2-frappe-bench:default: frappe.utils.background_jobs.execute_job(event=None, is_async=True, job_name='frappe.model.delete_doc.delete_dynamic_links', kwargs={'doctype': 'Property Setter', 'name': 'Sales Invoice-additional_discount_a..., method='frappe.model.delete_doc.delete_dynamic_links', site='localhost', user='Administrator') (localhost||727a2138-1019-4901-bedd-a32e7f2df178)
2025-05-12 02:18:12,590 Successfully completed frappe.utils.background_jobs.execute_job(event=None, is_async=True, job_name='frappe.model.delete_doc.delete_dynamic_links', kwargs={'doctype': 'Property Setter', 'name': 'Sales Invoice-additional_discount_a..., method='frappe.model.delete_doc.delete_dynamic_links', site='localhost', user='Administrator') job in 0:00:00.043953s on worker 083260a5a92f4861b897f57df14b20cb
2025-05-12 02:18:12,590 home-lisian-trash2-frappe-bench:default: Job OK (localhost||727a2138-1019-4901-bedd-a32e7f2df178)
2025-05-12 02:18:12,590 Result is kept for 600 seconds
2025-05-12 02:18:12,598 home-lisian-trash2-frappe-bench:default: frappe.utils.background_jobs.execute_job(event=None, is_async=True, job_name='frappe.model.delete_doc.delete_dynamic_links', kwargs={'doctype': 'Property Setter', 'name': 'Sales Invoice-additional_discount_a..., method='frappe.model.delete_doc.delete_dynamic_links', site='localhost', user='Administrator') (localhost||7bc6858f-e57c-46ef-8734-18ade41bb276)
2025-05-12 02:18:12,655 Successfully completed frappe.utils.background_jobs.execute_job(event=None, is_async=True, job_name='frappe.model.delete_doc.delete_dynamic_links', kwargs={'doctype': 'Property Setter', 'name': 'Sales Invoice-additional_discount_a..., method='frappe.model.delete_doc.delete_dynamic_links', site='localhost', user='Administrator') job in 0:00:00.047646s on worker 083260a5a92f4861b897f57df14b20cb
2025-05-12 02:18:12,656 home-lisian-trash2-frappe-bench:default: Job OK (localhost||7bc6858f-e57c-46ef-8734-18ade41bb276)
2025-05-12 02:18:12,656 Result is kept for 600 seconds
2025-05-12 02:18:12,663 home-lisian-trash2-frappe-bench:default: frappe.utils.background_jobs.execute_job(event=None, is_async=True, job_name='frappe.model.delete_doc.delete_dynamic_links', kwargs={'doctype': 'Property Setter', 'name': 'Quotation-base_rounded_total-hidden..., method='frappe.model.delete_doc.delete_dynamic_links', site='localhost', user='Administrator') (localhost||d2e099f0-a646-4663-ba80-00d95e2d5bd4)
2025-05-12 02:18:12,715 Successfully completed frappe.utils.background_jobs.execute_job(event=None, is_async=True, job_name='frappe.model.delete_doc.delete_dynamic_links', kwargs={'doctype': 'Property Setter', 'name': 'Quotation-base_rounded_total-hidden..., method='frappe.model.delete_doc.delete_dynamic_links', site='localhost', user='Administrator') job in 0:00:00.043104s on worker 083260a5a92f4861b897f57df14b20cb
2025-05-12 02:18:12,715 home-lisian-trash2-frappe-bench:default: Job OK (localhost||d2e099f0-a646-4663-ba80-00d95e2d5bd4)
2025-05-12 02:18:12,715 Result is kept for 600 seconds
2025-05-12 02:18:12,723 home-lisian-trash2-frappe-bench:default: frappe.utils.background_jobs.execute_job(event=None, is_async=True, job_name='frappe.model.delete_doc.delete_dynamic_links', kwargs={'doctype': 'Property Setter', 'name': 'Quotation-base_rounded_total-print_..., method='frappe.model.delete_doc.delete_dynamic_links', site='localhost', user='Administrator') (localhost||feebcba5-2ac7-4c7e-b906-311c630448e4)
2025-05-12 02:18:12,777 Successfully completed frappe.utils.background_jobs.execute_job(event=None, is_async=True, job_name='frappe.model.delete_doc.delete_dynamic_links', kwargs={'doctype': 'Property Setter', 'name': 'Quotation-base_rounded_total-print_..., method='frappe.model.delete_doc.delete_dynamic_links', site='localhost', user='Administrator') job in 0:00:00.043796s on worker 083260a5a92f4861b897f57df14b20cb
2025-05-12 02:18:12,777 home-lisian-trash2-frappe-bench:default: Job OK (localhost||feebcba5-2ac7-4c7e-b906-311c630448e4)
2025-05-12 02:18:12,777 Result is kept for 600 seconds
2025-05-12 02:18:12,784 home-lisian-trash2-frappe-bench:default: frappe.utils.background_jobs.execute_job(event=None, is_async=True, job_name='frappe.model.delete_doc.delete_dynamic_links', kwargs={'doctype': 'Property Setter', 'name': 'Quotation-rounded_total-hidden'}, method='frappe.model.delete_doc.delete_dynamic_links', site='localhost', user='Administrator') (localhost||aff4c468-480b-45c2-bc56-864ab86fb84d)
2025-05-12 02:18:12,839 Successfully completed frappe.utils.background_jobs.execute_job(event=None, is_async=True, job_name='frappe.model.delete_doc.delete_dynamic_links', kwargs={'doctype': 'Property Setter', 'name': 'Quotation-rounded_total-hidden'}, method='frappe.model.delete_doc.delete_dynamic_links', site='localhost', user='Administrator') job in 0:00:00.045940s on worker 083260a5a92f4861b897f57df14b20cb
2025-05-12 02:18:12,839 home-lisian-trash2-frappe-bench:default: Job OK (localhost||aff4c468-480b-45c2-bc56-864ab86fb84d)
2025-05-12 02:18:12,840 Result is kept for 600 seconds
2025-05-12 02:18:12,848 home-lisian-trash2-frappe-bench:default: frappe.utils.background_jobs.execute_job(event=None, is_async=True, job_name='frappe.model.delete_doc.delete_dynamic_links', kwargs={'doctype': 'Property Setter', 'name': 'Quotation-rounded_total-print_hide'..., method='frappe.model.delete_doc.delete_dynamic_links', site='localhost', user='Administrator') (localhost||953430cb-66fc-4c79-8746-4e513c1d756c)
2025-05-12 02:18:12,901 Successfully completed frappe.utils.background_jobs.execute_job(event=None, is_async=True, job_name='frappe.model.delete_doc.delete_dynamic_links', kwargs={'doctype': 'Property Setter', 'name': 'Quotation-rounded_total-print_hide'..., method='frappe.model.delete_doc.delete_dynamic_links', site='localhost', user='Administrator') job in 0:00:00.045055s on worker 083260a5a92f4861b897f57df14b20cb
2025-05-12 02:18:12,901 home-lisian-trash2-frappe-bench:default: Job OK (localhost||953430cb-66fc-4c79-8746-4e513c1d756c)
2025-05-12 02:18:12,901 Result is kept for 600 seconds
2025-05-12 02:18:12,909 home-lisian-trash2-frappe-bench:default: frappe.utils.background_jobs.execute_job(event=None, is_async=True, job_name='frappe.model.delete_doc.delete_dynamic_links', kwargs={'doctype': 'Property Setter', 'name': 'Quotation-disable_rounded_total-def..., method='frappe.model.delete_doc.delete_dynamic_links', site='localhost', user='Administrator') (localhost||fef76b20-ea61-420b-9e3c-83fb72ee34c9)
2025-05-12 02:18:12,963 Successfully completed frappe.utils.background_jobs.execute_job(event=None, is_async=True, job_name='frappe.model.delete_doc.delete_dynamic_links', kwargs={'doctype': 'Property Setter', 'name': 'Quotation-disable_rounded_total-def..., method='frappe.model.delete_doc.delete_dynamic_links', site='localhost', user='Administrator') job in 0:00:00.044538s on worker 083260a5a92f4861b897f57df14b20cb
2025-05-12 02:18:12,964 home-lisian-trash2-frappe-bench:default: Job OK (localhost||fef76b20-ea61-420b-9e3c-83fb72ee34c9)
2025-05-12 02:18:12,964 Result is kept for 600 seconds
2025-05-12 02:18:12,972 home-lisian-trash2-frappe-bench:default: frappe.utils.background_jobs.execute_job(event=None, is_async=True, job_name='frappe.model.delete_doc.delete_dynamic_links', kwargs={'doctype': 'Property Setter', 'name': 'Sales Order-base_rounded_total-hidd..., method='frappe.model.delete_doc.delete_dynamic_links', site='localhost', user='Administrator') (localhost||28abe00d-c263-4d18-b17f-23d237d90d01)
2025-05-12 02:18:13,024 Successfully completed frappe.utils.background_jobs.execute_job(event=None, is_async=True, job_name='frappe.model.delete_doc.delete_dynamic_links', kwargs={'doctype': 'Property Setter', 'name': 'Sales Order-base_rounded_total-hidd..., method='frappe.model.delete_doc.delete_dynamic_links', site='localhost', user='Administrator') job in 0:00:00.039439s on worker 083260a5a92f4861b897f57df14b20cb
2025-05-12 02:18:13,024 home-lisian-trash2-frappe-bench:default: Job OK (localhost||28abe00d-c263-4d18-b17f-23d237d90d01)
2025-05-12 02:18:13,024 Result is kept for 600 seconds
2025-05-12 02:18:13,033 home-lisian-trash2-frappe-bench:default: frappe.utils.background_jobs.execute_job(event=None, is_async=True, job_name='frappe.model.delete_doc.delete_dynamic_links', kwargs={'doctype': 'Property Setter', 'name': 'Sales Order-base_rounded_total-prin..., method='frappe.model.delete_doc.delete_dynamic_links', site='localhost', user='Administrator') (localhost||132aa611-1249-4f4c-8a2d-3724c775d5ed)
2025-05-12 02:18:13,088 Successfully completed frappe.utils.background_jobs.execute_job(event=None, is_async=True, job_name='frappe.model.delete_doc.delete_dynamic_links', kwargs={'doctype': 'Property Setter', 'name': 'Sales Order-base_rounded_total-prin..., method='frappe.model.delete_doc.delete_dynamic_links', site='localhost', user='Administrator') job in 0:00:00.043526s on worker 083260a5a92f4861b897f57df14b20cb
2025-05-12 02:18:13,088 home-lisian-trash2-frappe-bench:default: Job OK (localhost||132aa611-1249-4f4c-8a2d-3724c775d5ed)
2025-05-12 02:18:13,088 Result is kept for 600 seconds
2025-05-12 02:18:13,097 home-lisian-trash2-frappe-bench:default: frappe.utils.background_jobs.execute_job(event=None, is_async=True, job_name='frappe.model.delete_doc.delete_dynamic_links', kwargs={'doctype': 'Property Setter', 'name': 'Sales Order-rounded_total-hidden'}, method='frappe.model.delete_doc.delete_dynamic_links', site='localhost', user='Administrator') (localhost||7ded6a90-f83d-4d4e-98d7-327b873bfba8)
2025-05-12 02:18:13,163 Successfully completed frappe.utils.background_jobs.execute_job(event=None, is_async=True, job_name='frappe.model.delete_doc.delete_dynamic_links', kwargs={'doctype': 'Property Setter', 'name': 'Sales Order-rounded_total-hidden'}, method='frappe.model.delete_doc.delete_dynamic_links', site='localhost', user='Administrator') job in 0:00:00.055053s on worker 083260a5a92f4861b897f57df14b20cb
2025-05-12 02:18:13,163 home-lisian-trash2-frappe-bench:default: Job OK (localhost||7ded6a90-f83d-4d4e-98d7-327b873bfba8)
2025-05-12 02:18:13,163 Result is kept for 600 seconds
2025-05-12 02:18:13,174 home-lisian-trash2-frappe-bench:default: frappe.utils.background_jobs.execute_job(event=None, is_async=True, job_name='frappe.model.delete_doc.delete_dynamic_links', kwargs={'doctype': 'Property Setter', 'name': 'Sales Order-rounded_total-print_hid..., method='frappe.model.delete_doc.delete_dynamic_links', site='localhost', user='Administrator') (localhost||27fba515-f435-4070-a883-c8e358bcc330)
2025-05-12 02:18:13,256 Successfully completed frappe.utils.background_jobs.execute_job(event=None, is_async=True, job_name='frappe.model.delete_doc.delete_dynamic_links', kwargs={'doctype': 'Property Setter', 'name': 'Sales Order-rounded_total-print_hid..., method='frappe.model.delete_doc.delete_dynamic_links', site='localhost', user='Administrator') job in 0:00:00.068390s on worker 083260a5a92f4861b897f57df14b20cb
2025-05-12 02:18:13,257 home-lisian-trash2-frappe-bench:default: Job OK (localhost||27fba515-f435-4070-a883-c8e358bcc330)
2025-05-12 02:18:13,257 Result is kept for 600 seconds
2025-05-12 02:18:13,270 home-lisian-trash2-frappe-bench:default: frappe.utils.background_jobs.execute_job(event=None, is_async=True, job_name='frappe.model.delete_doc.delete_dynamic_links', kwargs={'doctype': 'Property Setter', 'name': 'Sales Order-disable_rounded_total-d..., method='frappe.model.delete_doc.delete_dynamic_links', site='localhost', user='Administrator') (localhost||744632b0-95e5-4334-b05f-d59bd90f1f7c)
2025-05-12 02:18:13,365 Successfully completed frappe.utils.background_jobs.execute_job(event=None, is_async=True, job_name='frappe.model.delete_doc.delete_dynamic_links', kwargs={'doctype': 'Property Setter', 'name': 'Sales Order-disable_rounded_total-d..., method='frappe.model.delete_doc.delete_dynamic_links', site='localhost', user='Administrator') job in 0:00:00.074638s on worker 083260a5a92f4861b897f57df14b20cb
2025-05-12 02:18:13,365 home-lisian-trash2-frappe-bench:default: Job OK (localhost||744632b0-95e5-4334-b05f-d59bd90f1f7c)
2025-05-12 02:18:13,365 Result is kept for 600 seconds
2025-05-12 02:18:13,378 home-lisian-trash2-frappe-bench:default: frappe.utils.background_jobs.execute_job(event=None, is_async=True, job_name='frappe.model.delete_doc.delete_dynamic_links', kwargs={'doctype': 'Property Setter', 'name': 'Sales Invoice-base_rounded_total-hi..., method='frappe.model.delete_doc.delete_dynamic_links', site='localhost', user='Administrator') (localhost||aae90854-6632-4c0c-887b-4b42002cca39)
2025-05-12 02:18:13,481 Successfully completed frappe.utils.background_jobs.execute_job(event=None, is_async=True, job_name='frappe.model.delete_doc.delete_dynamic_links', kwargs={'doctype': 'Property Setter', 'name': 'Sales Invoice-base_rounded_total-hi..., method='frappe.model.delete_doc.delete_dynamic_links', site='localhost', user='Administrator') job in 0:00:00.078128s on worker 083260a5a92f4861b897f57df14b20cb
2025-05-12 02:18:13,482 home-lisian-trash2-frappe-bench:default: Job OK (localhost||aae90854-6632-4c0c-887b-4b42002cca39)
2025-05-12 02:18:13,482 Result is kept for 600 seconds
2025-05-12 02:18:13,494 home-lisian-trash2-frappe-bench:default: frappe.utils.background_jobs.execute_job(event=None, is_async=True, job_name='frappe.model.delete_doc.delete_dynamic_links', kwargs={'doctype': 'Property Setter', 'name': 'Sales Invoice-base_rounded_total-pr..., method='frappe.model.delete_doc.delete_dynamic_links', site='localhost', user='Administrator') (localhost||4af19190-1295-4d2a-8617-eb27cb71e95a)
2025-05-12 02:18:13,591 Successfully completed frappe.utils.background_jobs.execute_job(event=None, is_async=True, job_name='frappe.model.delete_doc.delete_dynamic_links', kwargs={'doctype': 'Property Setter', 'name': 'Sales Invoice-base_rounded_total-pr..., method='frappe.model.delete_doc.delete_dynamic_links', site='localhost', user='Administrator') job in 0:00:00.083636s on worker 083260a5a92f4861b897f57df14b20cb
2025-05-12 02:18:13,591 home-lisian-trash2-frappe-bench:default: Job OK (localhost||4af19190-1295-4d2a-8617-eb27cb71e95a)
2025-05-12 02:18:13,591 Result is kept for 600 seconds
2025-05-12 02:18:13,601 home-lisian-trash2-frappe-bench:default: frappe.utils.background_jobs.execute_job(event=None, is_async=True, job_name='frappe.model.delete_doc.delete_dynamic_links', kwargs={'doctype': 'Property Setter', 'name': 'Sales Invoice-rounded_total-hidden'..., method='frappe.model.delete_doc.delete_dynamic_links', site='localhost', user='Administrator') (localhost||80a6276d-7d97-4868-9bba-e27dac2aa2f3)
2025-05-12 02:18:13,687 Successfully completed frappe.utils.background_jobs.execute_job(event=None, is_async=True, job_name='frappe.model.delete_doc.delete_dynamic_links', kwargs={'doctype': 'Property Setter', 'name': 'Sales Invoice-rounded_total-hidden'..., method='frappe.model.delete_doc.delete_dynamic_links', site='localhost', user='Administrator') job in 0:00:00.074819s on worker 083260a5a92f4861b897f57df14b20cb
2025-05-12 02:18:13,688 home-lisian-trash2-frappe-bench:default: Job OK (localhost||80a6276d-7d97-4868-9bba-e27dac2aa2f3)
2025-05-12 02:18:13,688 Result is kept for 600 seconds
2025-05-12 02:18:13,704 home-lisian-trash2-frappe-bench:default: frappe.utils.background_jobs.execute_job(event=None, is_async=True, job_name='frappe.model.delete_doc.delete_dynamic_links', kwargs={'doctype': 'Property Setter', 'name': 'Sales Invoice-rounded_total-print_h..., method='frappe.model.delete_doc.delete_dynamic_links', site='localhost', user='Administrator') (localhost||5079722c-027a-4cf4-8c05-dcea7ae09253)
2025-05-12 02:18:13,783 Successfully completed frappe.utils.background_jobs.execute_job(event=None, is_async=True, job_name='frappe.model.delete_doc.delete_dynamic_links', kwargs={'doctype': 'Property Setter', 'name': 'Sales Invoice-rounded_total-print_h..., method='frappe.model.delete_doc.delete_dynamic_links', site='localhost', user='Administrator') job in 0:00:00.060106s on worker 083260a5a92f4861b897f57df14b20cb
2025-05-12 02:18:13,784 home-lisian-trash2-frappe-bench:default: Job OK (localhost||5079722c-027a-4cf4-8c05-dcea7ae09253)
2025-05-12 02:18:13,784 Result is kept for 600 seconds
2025-05-12 02:18:13,796 home-lisian-trash2-frappe-bench:default: frappe.utils.background_jobs.execute_job(event=None, is_async=True, job_name='frappe.model.delete_doc.delete_dynamic_links', kwargs={'doctype': 'Property Setter', 'name': 'Sales Invoice-disable_rounded_total..., method='frappe.model.delete_doc.delete_dynamic_links', site='localhost', user='Administrator') (localhost||81efc4e8-90c3-41a2-8e6c-9c34dffb7248)
2025-05-12 02:18:13,860 Successfully completed frappe.utils.background_jobs.execute_job(event=None, is_async=True, job_name='frappe.model.delete_doc.delete_dynamic_links', kwargs={'doctype': 'Property Setter', 'name': 'Sales Invoice-disable_rounded_total..., method='frappe.model.delete_doc.delete_dynamic_links', site='localhost', user='Administrator') job in 0:00:00.047631s on worker 083260a5a92f4861b897f57df14b20cb
2025-05-12 02:18:13,860 home-lisian-trash2-frappe-bench:default: Job OK (localhost||81efc4e8-90c3-41a2-8e6c-9c34dffb7248)
2025-05-12 02:18:13,860 Result is kept for 600 seconds
2025-05-12 02:18:13,868 home-lisian-trash2-frappe-bench:default: frappe.utils.background_jobs.execute_job(event=None, is_async=True, job_name='frappe.model.delete_doc.delete_dynamic_links', kwargs={'doctype': 'Property Setter', 'name': 'Delivery Note-base_rounded_total-hi..., method='frappe.model.delete_doc.delete_dynamic_links', site='localhost', user='Administrator') (localhost||97561f71-94b1-4516-bf33-efdcadf21b6c)
2025-05-12 02:18:13,925 Successfully completed frappe.utils.background_jobs.execute_job(event=None, is_async=True, job_name='frappe.model.delete_doc.delete_dynamic_links', kwargs={'doctype': 'Property Setter', 'name': 'Delivery Note-base_rounded_total-hi..., method='frappe.model.delete_doc.delete_dynamic_links', site='localhost', user='Administrator') job in 0:00:00.046814s on worker 083260a5a92f4861b897f57df14b20cb
2025-05-12 02:18:13,925 home-lisian-trash2-frappe-bench:default: Job OK (localhost||97561f71-94b1-4516-bf33-efdcadf21b6c)
2025-05-12 02:18:13,925 Result is kept for 600 seconds
2025-05-12 02:18:13,933 home-lisian-trash2-frappe-bench:default: frappe.utils.background_jobs.execute_job(event=None, is_async=True, job_name='frappe.model.delete_doc.delete_dynamic_links', kwargs={'doctype': 'Property Setter', 'name': 'Delivery Note-base_rounded_total-pr..., method='frappe.model.delete_doc.delete_dynamic_links', site='localhost', user='Administrator') (localhost||af33632d-5516-43ed-98c0-039018b075a6)
2025-05-12 02:18:14,003 Successfully completed frappe.utils.background_jobs.execute_job(event=None, is_async=True, job_name='frappe.model.delete_doc.delete_dynamic_links', kwargs={'doctype': 'Property Setter', 'name': 'Delivery Note-base_rounded_total-pr..., method='frappe.model.delete_doc.delete_dynamic_links', site='localhost', user='Administrator') job in 0:00:00.057849s on worker 083260a5a92f4861b897f57df14b20cb
2025-05-12 02:18:14,003 home-lisian-trash2-frappe-bench:default: Job OK (localhost||af33632d-5516-43ed-98c0-039018b075a6)
2025-05-12 02:18:14,003 Result is kept for 600 seconds
2025-05-12 02:18:14,017 home-lisian-trash2-frappe-bench:default: frappe.utils.background_jobs.execute_job(event=None, is_async=True, job_name='frappe.model.delete_doc.delete_dynamic_links', kwargs={'doctype': 'Property Setter', 'name': 'Delivery Note-rounded_total-hidden'..., method='frappe.model.delete_doc.delete_dynamic_links', site='localhost', user='Administrator') (localhost||458827aa-3192-40cc-9393-449b51d6808c)
2025-05-12 02:18:14,084 Successfully completed frappe.utils.background_jobs.execute_job(event=None, is_async=True, job_name='frappe.model.delete_doc.delete_dynamic_links', kwargs={'doctype': 'Property Setter', 'name': 'Delivery Note-rounded_total-hidden'..., method='frappe.model.delete_doc.delete_dynamic_links', site='localhost', user='Administrator') job in 0:00:00.053390s on worker 083260a5a92f4861b897f57df14b20cb
2025-05-12 02:18:14,085 home-lisian-trash2-frappe-bench:default: Job OK (localhost||458827aa-3192-40cc-9393-449b51d6808c)
2025-05-12 02:18:14,085 Result is kept for 600 seconds
2025-05-12 02:18:14,094 home-lisian-trash2-frappe-bench:default: frappe.utils.background_jobs.execute_job(event=None, is_async=True, job_name='frappe.model.delete_doc.delete_dynamic_links', kwargs={'doctype': 'Property Setter', 'name': 'Delivery Note-rounded_total-print_h..., method='frappe.model.delete_doc.delete_dynamic_links', site='localhost', user='Administrator') (localhost||a0583d73-f477-4e52-bfd9-4c629fb8bd27)
2025-05-12 02:18:14,157 Successfully completed frappe.utils.background_jobs.execute_job(event=None, is_async=True, job_name='frappe.model.delete_doc.delete_dynamic_links', kwargs={'doctype': 'Property Setter', 'name': 'Delivery Note-rounded_total-print_h..., method='frappe.model.delete_doc.delete_dynamic_links', site='localhost', user='Administrator') job in 0:00:00.052797s on worker 083260a5a92f4861b897f57df14b20cb
2025-05-12 02:18:14,157 home-lisian-trash2-frappe-bench:default: Job OK (localhost||a0583d73-f477-4e52-bfd9-4c629fb8bd27)
2025-05-12 02:18:14,157 Result is kept for 600 seconds
2025-05-12 02:18:14,166 home-lisian-trash2-frappe-bench:default: frappe.utils.background_jobs.execute_job(event=None, is_async=True, job_name='frappe.model.delete_doc.delete_dynamic_links', kwargs={'doctype': 'Property Setter', 'name': 'Delivery Note-disable_rounded_total..., method='frappe.model.delete_doc.delete_dynamic_links', site='localhost', user='Administrator') (localhost||17853b48-7778-4682-be26-66d7bd485cdd)
2025-05-12 02:18:14,216 Successfully completed frappe.utils.background_jobs.execute_job(event=None, is_async=True, job_name='frappe.model.delete_doc.delete_dynamic_links', kwargs={'doctype': 'Property Setter', 'name': 'Delivery Note-disable_rounded_total..., method='frappe.model.delete_doc.delete_dynamic_links', site='localhost', user='Administrator') job in 0:00:00.040407s on worker 083260a5a92f4861b897f57df14b20cb
2025-05-12 02:18:14,216 home-lisian-trash2-frappe-bench:default: Job OK (localhost||17853b48-7778-4682-be26-66d7bd485cdd)
2025-05-12 02:18:14,216 Result is kept for 600 seconds
2025-05-12 02:18:14,224 home-lisian-trash2-frappe-bench:default: frappe.utils.background_jobs.execute_job(event=None, is_async=True, job_name='frappe.model.delete_doc.delete_dynamic_links', kwargs={'doctype': 'Property Setter', 'name': 'Supplier Quotation-base_rounded_tot..., method='frappe.model.delete_doc.delete_dynamic_links', site='localhost', user='Administrator') (localhost||75e404ad-4052-4770-b6cf-0361bb7b7bd9)
2025-05-12 02:18:14,276 Successfully completed frappe.utils.background_jobs.execute_job(event=None, is_async=True, job_name='frappe.model.delete_doc.delete_dynamic_links', kwargs={'doctype': 'Property Setter', 'name': 'Supplier Quotation-base_rounded_tot..., method='frappe.model.delete_doc.delete_dynamic_links', site='localhost', user='Administrator') job in 0:00:00.043151s on worker 083260a5a92f4861b897f57df14b20cb
2025-05-12 02:18:14,276 home-lisian-trash2-frappe-bench:default: Job OK (localhost||75e404ad-4052-4770-b6cf-0361bb7b7bd9)
2025-05-12 02:18:14,276 Result is kept for 600 seconds
2025-05-12 02:18:14,284 home-lisian-trash2-frappe-bench:default: frappe.utils.background_jobs.execute_job(event=None, is_async=True, job_name='frappe.model.delete_doc.delete_dynamic_links', kwargs={'doctype': 'Property Setter', 'name': 'Supplier Quotation-base_rounded_tot..., method='frappe.model.delete_doc.delete_dynamic_links', site='localhost', user='Administrator') (localhost||bfd94616-9387-46a5-a4a8-98ebf8c93c54)
2025-05-12 02:18:14,337 Successfully completed frappe.utils.background_jobs.execute_job(event=None, is_async=True, job_name='frappe.model.delete_doc.delete_dynamic_links', kwargs={'doctype': 'Property Setter', 'name': 'Supplier Quotation-base_rounded_tot..., method='frappe.model.delete_doc.delete_dynamic_links', site='localhost', user='Administrator') job in 0:00:00.043328s on worker 083260a5a92f4861b897f57df14b20cb
2025-05-12 02:18:14,337 home-lisian-trash2-frappe-bench:default: Job OK (localhost||bfd94616-9387-46a5-a4a8-98ebf8c93c54)
2025-05-12 02:18:14,337 Result is kept for 600 seconds
2025-05-12 02:18:14,346 home-lisian-trash2-frappe-bench:default: frappe.utils.background_jobs.execute_job(event=None, is_async=True, job_name='frappe.model.delete_doc.delete_dynamic_links', kwargs={'doctype': 'Property Setter', 'name': 'Supplier Quotation-rounded_total-hi..., method='frappe.model.delete_doc.delete_dynamic_links', site='localhost', user='Administrator') (localhost||a4b11d40-2b84-4170-9900-85519cc97095)
2025-05-12 02:18:14,400 Successfully completed frappe.utils.background_jobs.execute_job(event=None, is_async=True, job_name='frappe.model.delete_doc.delete_dynamic_links', kwargs={'doctype': 'Property Setter', 'name': 'Supplier Quotation-rounded_total-hi..., method='frappe.model.delete_doc.delete_dynamic_links', site='localhost', user='Administrator') job in 0:00:00.045323s on worker 083260a5a92f4861b897f57df14b20cb
2025-05-12 02:18:14,400 home-lisian-trash2-frappe-bench:default: Job OK (localhost||a4b11d40-2b84-4170-9900-85519cc97095)
2025-05-12 02:18:14,400 Result is kept for 600 seconds
2025-05-12 02:18:14,408 home-lisian-trash2-frappe-bench:default: frappe.utils.background_jobs.execute_job(event=None, is_async=True, job_name='frappe.model.delete_doc.delete_dynamic_links', kwargs={'doctype': 'Property Setter', 'name': 'Supplier Quotation-rounded_total-pr..., method='frappe.model.delete_doc.delete_dynamic_links', site='localhost', user='Administrator') (localhost||b73778f3-f8da-4fdb-bf8d-1fb653152cb7)
2025-05-12 02:18:14,460 Successfully completed frappe.utils.background_jobs.execute_job(event=None, is_async=True, job_name='frappe.model.delete_doc.delete_dynamic_links', kwargs={'doctype': 'Property Setter', 'name': 'Supplier Quotation-rounded_total-pr..., method='frappe.model.delete_doc.delete_dynamic_links', site='localhost', user='Administrator') job in 0:00:00.042651s on worker 083260a5a92f4861b897f57df14b20cb
2025-05-12 02:18:14,460 home-lisian-trash2-frappe-bench:default: Job OK (localhost||b73778f3-f8da-4fdb-bf8d-1fb653152cb7)
2025-05-12 02:18:14,460 Result is kept for 600 seconds
2025-05-12 02:18:14,469 home-lisian-trash2-frappe-bench:default: frappe.utils.background_jobs.execute_job(event=None, is_async=True, job_name='frappe.model.delete_doc.delete_dynamic_links', kwargs={'doctype': 'Property Setter', 'name': 'Supplier Quotation-disable_rounded_..., method='frappe.model.delete_doc.delete_dynamic_links', site='localhost', user='Administrator') (localhost||d2ec6499-bf7b-4d04-a7cd-a76c4aa21a44)
2025-05-12 02:18:14,523 Successfully completed frappe.utils.background_jobs.execute_job(event=None, is_async=True, job_name='frappe.model.delete_doc.delete_dynamic_links', kwargs={'doctype': 'Property Setter', 'name': 'Supplier Quotation-disable_rounded_..., method='frappe.model.delete_doc.delete_dynamic_links', site='localhost', user='Administrator') job in 0:00:00.044069s on worker 083260a5a92f4861b897f57df14b20cb
2025-05-12 02:18:14,523 home-lisian-trash2-frappe-bench:default: Job OK (localhost||d2ec6499-bf7b-4d04-a7cd-a76c4aa21a44)
2025-05-12 02:18:14,523 Result is kept for 600 seconds
2025-05-12 02:18:14,531 home-lisian-trash2-frappe-bench:default: frappe.utils.background_jobs.execute_job(event=None, is_async=True, job_name='frappe.model.delete_doc.delete_dynamic_links', kwargs={'doctype': 'Property Setter', 'name': 'Purchase Order-base_rounded_total-h..., method='frappe.model.delete_doc.delete_dynamic_links', site='localhost', user='Administrator') (localhost||011f5e70-508a-49c7-b23e-bf13b8937b3c)
2025-05-12 02:18:14,581 Successfully completed frappe.utils.background_jobs.execute_job(event=None, is_async=True, job_name='frappe.model.delete_doc.delete_dynamic_links', kwargs={'doctype': 'Property Setter', 'name': 'Purchase Order-base_rounded_total-h..., method='frappe.model.delete_doc.delete_dynamic_links', site='localhost', user='Administrator') job in 0:00:00.041365s on worker 083260a5a92f4861b897f57df14b20cb
2025-05-12 02:18:14,581 home-lisian-trash2-frappe-bench:default: Job OK (localhost||011f5e70-508a-49c7-b23e-bf13b8937b3c)
2025-05-12 02:18:14,581 Result is kept for 600 seconds
2025-05-12 02:18:14,589 home-lisian-trash2-frappe-bench:default: frappe.utils.background_jobs.execute_job(event=None, is_async=True, job_name='frappe.model.delete_doc.delete_dynamic_links', kwargs={'doctype': 'Property Setter', 'name': 'Purchase Order-base_rounded_total-p..., method='frappe.model.delete_doc.delete_dynamic_links', site='localhost', user='Administrator') (localhost||453452ed-37f3-4187-bf9f-79aaff9f1f85)
2025-05-12 02:18:14,637 Successfully completed frappe.utils.background_jobs.execute_job(event=None, is_async=True, job_name='frappe.model.delete_doc.delete_dynamic_links', kwargs={'doctype': 'Property Setter', 'name': 'Purchase Order-base_rounded_total-p..., method='frappe.model.delete_doc.delete_dynamic_links', site='localhost', user='Administrator') job in 0:00:00.038320s on worker 083260a5a92f4861b897f57df14b20cb
2025-05-12 02:18:14,637 home-lisian-trash2-frappe-bench:default: Job OK (localhost||453452ed-37f3-4187-bf9f-79aaff9f1f85)
2025-05-12 02:18:14,637 Result is kept for 600 seconds
2025-05-12 02:18:14,646 home-lisian-trash2-frappe-bench:default: frappe.utils.background_jobs.execute_job(event=None, is_async=True, job_name='frappe.model.delete_doc.delete_dynamic_links', kwargs={'doctype': 'Property Setter', 'name': 'Purchase Order-rounded_total-hidden..., method='frappe.model.delete_doc.delete_dynamic_links', site='localhost', user='Administrator') (localhost||a1d803df-9420-4b86-979b-ec8ece78033f)
2025-05-12 02:18:14,694 Successfully completed frappe.utils.background_jobs.execute_job(event=None, is_async=True, job_name='frappe.model.delete_doc.delete_dynamic_links', kwargs={'doctype': 'Property Setter', 'name': 'Purchase Order-rounded_total-hidden..., method='frappe.model.delete_doc.delete_dynamic_links', site='localhost', user='Administrator') job in 0:00:00.038179s on worker 083260a5a92f4861b897f57df14b20cb
2025-05-12 02:18:14,694 home-lisian-trash2-frappe-bench:default: Job OK (localhost||a1d803df-9420-4b86-979b-ec8ece78033f)
2025-05-12 02:18:14,694 Result is kept for 600 seconds
2025-05-12 02:18:14,704 home-lisian-trash2-frappe-bench:default: frappe.utils.background_jobs.execute_job(event=None, is_async=True, job_name='frappe.model.delete_doc.delete_dynamic_links', kwargs={'doctype': 'Property Setter', 'name': 'Purchase Order-rounded_total-print_..., method='frappe.model.delete_doc.delete_dynamic_links', site='localhost', user='Administrator') (localhost||26b15d1b-f8f0-4a9d-a834-96da9e018046)
2025-05-12 02:18:14,755 Successfully completed frappe.utils.background_jobs.execute_job(event=None, is_async=True, job_name='frappe.model.delete_doc.delete_dynamic_links', kwargs={'doctype': 'Property Setter', 'name': 'Purchase Order-rounded_total-print_..., method='frappe.model.delete_doc.delete_dynamic_links', site='localhost', user='Administrator') job in 0:00:00.042126s on worker 083260a5a92f4861b897f57df14b20cb
2025-05-12 02:18:14,755 home-lisian-trash2-frappe-bench:default: Job OK (localhost||26b15d1b-f8f0-4a9d-a834-96da9e018046)
2025-05-12 02:18:14,755 Result is kept for 600 seconds
2025-05-12 02:18:14,764 home-lisian-trash2-frappe-bench:default: frappe.utils.background_jobs.execute_job(event=None, is_async=True, job_name='frappe.model.delete_doc.delete_dynamic_links', kwargs={'doctype': 'Property Setter', 'name': 'Purchase Order-disable_rounded_tota..., method='frappe.model.delete_doc.delete_dynamic_links', site='localhost', user='Administrator') (localhost||d4688917-85c4-4f85-b8a5-02ea878efc66)
2025-05-12 02:18:14,819 Successfully completed frappe.utils.background_jobs.execute_job(event=None, is_async=True, job_name='frappe.model.delete_doc.delete_dynamic_links', kwargs={'doctype': 'Property Setter', 'name': 'Purchase Order-disable_rounded_tota..., method='frappe.model.delete_doc.delete_dynamic_links', site='localhost', user='Administrator') job in 0:00:00.043656s on worker 083260a5a92f4861b897f57df14b20cb
2025-05-12 02:18:14,820 home-lisian-trash2-frappe-bench:default: Job OK (localhost||d4688917-85c4-4f85-b8a5-02ea878efc66)
2025-05-12 02:18:14,820 Result is kept for 600 seconds
2025-05-12 02:18:14,830 home-lisian-trash2-frappe-bench:default: frappe.utils.background_jobs.execute_job(event=None, is_async=True, job_name='frappe.model.delete_doc.delete_dynamic_links', kwargs={'doctype': 'Property Setter', 'name': 'Purchase Invoice-base_rounded_total..., method='frappe.model.delete_doc.delete_dynamic_links', site='localhost', user='Administrator') (localhost||f08c7dac-4133-4d3f-8f3d-ba4efe31eb24)
2025-05-12 02:18:14,889 Successfully completed frappe.utils.background_jobs.execute_job(event=None, is_async=True, job_name='frappe.model.delete_doc.delete_dynamic_links', kwargs={'doctype': 'Property Setter', 'name': 'Purchase Invoice-base_rounded_total..., method='frappe.model.delete_doc.delete_dynamic_links', site='localhost', user='Administrator') job in 0:00:00.048774s on worker 083260a5a92f4861b897f57df14b20cb
2025-05-12 02:18:14,890 home-lisian-trash2-frappe-bench:default: Job OK (localhost||f08c7dac-4133-4d3f-8f3d-ba4efe31eb24)
2025-05-12 02:18:14,890 Result is kept for 600 seconds
2025-05-12 02:18:14,900 home-lisian-trash2-frappe-bench:default: frappe.utils.background_jobs.execute_job(event=None, is_async=True, job_name='frappe.model.delete_doc.delete_dynamic_links', kwargs={'doctype': 'Property Setter', 'name': 'Purchase Invoice-base_rounded_total..., method='frappe.model.delete_doc.delete_dynamic_links', site='localhost', user='Administrator') (localhost||031899b1-c5e7-4056-88fe-1e13210ad673)
2025-05-12 02:18:14,955 Successfully completed frappe.utils.background_jobs.execute_job(event=None, is_async=True, job_name='frappe.model.delete_doc.delete_dynamic_links', kwargs={'doctype': 'Property Setter', 'name': 'Purchase Invoice-base_rounded_total..., method='frappe.model.delete_doc.delete_dynamic_links', site='localhost', user='Administrator') job in 0:00:00.044783s on worker 083260a5a92f4861b897f57df14b20cb
2025-05-12 02:18:14,955 home-lisian-trash2-frappe-bench:default: Job OK (localhost||031899b1-c5e7-4056-88fe-1e13210ad673)
2025-05-12 02:18:14,955 Result is kept for 600 seconds
2025-05-12 02:18:14,963 home-lisian-trash2-frappe-bench:default: frappe.utils.background_jobs.execute_job(event=None, is_async=True, job_name='frappe.model.delete_doc.delete_dynamic_links', kwargs={'doctype': 'Property Setter', 'name': 'Purchase Invoice-rounded_total-hidd..., method='frappe.model.delete_doc.delete_dynamic_links', site='localhost', user='Administrator') (localhost||46d16293-bf06-4c9f-98b7-10e4ceb705ca)
2025-05-12 02:18:15,017 Successfully completed frappe.utils.background_jobs.execute_job(event=None, is_async=True, job_name='frappe.model.delete_doc.delete_dynamic_links', kwargs={'doctype': 'Property Setter', 'name': 'Purchase Invoice-rounded_total-hidd..., method='frappe.model.delete_doc.delete_dynamic_links', site='localhost', user='Administrator') job in 0:00:00.043571s on worker 083260a5a92f4861b897f57df14b20cb
2025-05-12 02:18:15,017 home-lisian-trash2-frappe-bench:default: Job OK (localhost||46d16293-bf06-4c9f-98b7-10e4ceb705ca)
2025-05-12 02:18:15,017 Result is kept for 600 seconds
2025-05-12 02:18:15,026 home-lisian-trash2-frappe-bench:default: frappe.utils.background_jobs.execute_job(event=None, is_async=True, job_name='frappe.model.delete_doc.delete_dynamic_links', kwargs={'doctype': 'Property Setter', 'name': 'Purchase Invoice-rounded_total-prin..., method='frappe.model.delete_doc.delete_dynamic_links', site='localhost', user='Administrator') (localhost||f54090ec-04f4-4de5-8b83-5e98141d5375)
2025-05-12 02:18:15,075 Successfully completed frappe.utils.background_jobs.execute_job(event=None, is_async=True, job_name='frappe.model.delete_doc.delete_dynamic_links', kwargs={'doctype': 'Property Setter', 'name': 'Purchase Invoice-rounded_total-prin..., method='frappe.model.delete_doc.delete_dynamic_links', site='localhost', user='Administrator') job in 0:00:00.039381s on worker 083260a5a92f4861b897f57df14b20cb
2025-05-12 02:18:15,076 home-lisian-trash2-frappe-bench:default: Job OK (localhost||f54090ec-04f4-4de5-8b83-5e98141d5375)
2025-05-12 02:18:15,076 Result is kept for 600 seconds
2025-05-12 02:18:15,085 home-lisian-trash2-frappe-bench:default: frappe.utils.background_jobs.execute_job(event=None, is_async=True, job_name='frappe.model.delete_doc.delete_dynamic_links', kwargs={'doctype': 'Property Setter', 'name': 'Purchase Invoice-disable_rounded_to..., method='frappe.model.delete_doc.delete_dynamic_links', site='localhost', user='Administrator') (localhost||5e3b3c29-78a4-412f-b568-0e7057c54970)
2025-05-12 02:18:15,136 Successfully completed frappe.utils.background_jobs.execute_job(event=None, is_async=True, job_name='frappe.model.delete_doc.delete_dynamic_links', kwargs={'doctype': 'Property Setter', 'name': 'Purchase Invoice-disable_rounded_to..., method='frappe.model.delete_doc.delete_dynamic_links', site='localhost', user='Administrator') job in 0:00:00.041322s on worker 083260a5a92f4861b897f57df14b20cb
2025-05-12 02:18:15,136 home-lisian-trash2-frappe-bench:default: Job OK (localhost||5e3b3c29-78a4-412f-b568-0e7057c54970)
2025-05-12 02:18:15,136 Result is kept for 600 seconds
2025-05-12 02:18:15,146 home-lisian-trash2-frappe-bench:default: frappe.utils.background_jobs.execute_job(event=None, is_async=True, job_name='frappe.model.delete_doc.delete_dynamic_links', kwargs={'doctype': 'Property Setter', 'name': 'Purchase Receipt-base_rounded_total..., method='frappe.model.delete_doc.delete_dynamic_links', site='localhost', user='Administrator') (localhost||a01a50d2-874f-41cc-b623-37d7aa1aaeb7)
2025-05-12 02:18:15,201 Successfully completed frappe.utils.background_jobs.execute_job(event=None, is_async=True, job_name='frappe.model.delete_doc.delete_dynamic_links', kwargs={'doctype': 'Property Setter', 'name': 'Purchase Receipt-base_rounded_total..., method='frappe.model.delete_doc.delete_dynamic_links', site='localhost', user='Administrator') job in 0:00:00.045112s on worker 083260a5a92f4861b897f57df14b20cb
2025-05-12 02:18:15,201 home-lisian-trash2-frappe-bench:default: Job OK (localhost||a01a50d2-874f-41cc-b623-37d7aa1aaeb7)
2025-05-12 02:18:15,201 Result is kept for 600 seconds
2025-05-12 02:18:15,209 home-lisian-trash2-frappe-bench:default: frappe.utils.background_jobs.execute_job(event=None, is_async=True, job_name='frappe.model.delete_doc.delete_dynamic_links', kwargs={'doctype': 'Property Setter', 'name': 'Purchase Receipt-base_rounded_total..., method='frappe.model.delete_doc.delete_dynamic_links', site='localhost', user='Administrator') (localhost||405c7b67-fe2b-44d8-a20d-e9255ef32e20)
2025-05-12 02:18:15,257 Successfully completed frappe.utils.background_jobs.execute_job(event=None, is_async=True, job_name='frappe.model.delete_doc.delete_dynamic_links', kwargs={'doctype': 'Property Setter', 'name': 'Purchase Receipt-base_rounded_total..., method='frappe.model.delete_doc.delete_dynamic_links', site='localhost', user='Administrator') job in 0:00:00.038699s on worker 083260a5a92f4861b897f57df14b20cb
2025-05-12 02:18:15,257 home-lisian-trash2-frappe-bench:default: Job OK (localhost||405c7b67-fe2b-44d8-a20d-e9255ef32e20)
2025-05-12 02:18:15,257 Result is kept for 600 seconds
2025-05-12 02:18:15,265 home-lisian-trash2-frappe-bench:default: frappe.utils.background_jobs.execute_job(event=None, is_async=True, job_name='frappe.model.delete_doc.delete_dynamic_links', kwargs={'doctype': 'Property Setter', 'name': 'Purchase Receipt-rounded_total-hidd..., method='frappe.model.delete_doc.delete_dynamic_links', site='localhost', user='Administrator') (localhost||da952cb3-0b69-4576-b27e-08f1b989725f)
2025-05-12 02:18:15,313 Successfully completed frappe.utils.background_jobs.execute_job(event=None, is_async=True, job_name='frappe.model.delete_doc.delete_dynamic_links', kwargs={'doctype': 'Property Setter', 'name': 'Purchase Receipt-rounded_total-hidd..., method='frappe.model.delete_doc.delete_dynamic_links', site='localhost', user='Administrator') job in 0:00:00.038740s on worker 083260a5a92f4861b897f57df14b20cb
2025-05-12 02:18:15,313 home-lisian-trash2-frappe-bench:default: Job OK (localhost||da952cb3-0b69-4576-b27e-08f1b989725f)
2025-05-12 02:18:15,313 Result is kept for 600 seconds
2025-05-12 02:18:15,322 home-lisian-trash2-frappe-bench:default: frappe.utils.background_jobs.execute_job(event=None, is_async=True, job_name='frappe.model.delete_doc.delete_dynamic_links', kwargs={'doctype': 'Property Setter', 'name': 'Purchase Receipt-rounded_total-prin..., method='frappe.model.delete_doc.delete_dynamic_links', site='localhost', user='Administrator') (localhost||1aeac519-d87e-4961-9c99-09a27f0bfeb2)
2025-05-12 02:18:15,369 Successfully completed frappe.utils.background_jobs.execute_job(event=None, is_async=True, job_name='frappe.model.delete_doc.delete_dynamic_links', kwargs={'doctype': 'Property Setter', 'name': 'Purchase Receipt-rounded_total-prin..., method='frappe.model.delete_doc.delete_dynamic_links', site='localhost', user='Administrator') job in 0:00:00.037267s on worker 083260a5a92f4861b897f57df14b20cb
2025-05-12 02:18:15,369 home-lisian-trash2-frappe-bench:default: Job OK (localhost||1aeac519-d87e-4961-9c99-09a27f0bfeb2)
2025-05-12 02:18:15,369 Result is kept for 600 seconds
2025-05-12 02:18:15,377 home-lisian-trash2-frappe-bench:default: frappe.utils.background_jobs.execute_job(event=None, is_async=True, job_name='frappe.model.delete_doc.delete_dynamic_links', kwargs={'doctype': 'Property Setter', 'name': 'Purchase Receipt-disable_rounded_to..., method='frappe.model.delete_doc.delete_dynamic_links', site='localhost', user='Administrator') (localhost||98296853-f48e-4555-bbf8-62f9ed29a16e)
2025-05-12 02:18:15,426 Successfully completed frappe.utils.background_jobs.execute_job(event=None, is_async=True, job_name='frappe.model.delete_doc.delete_dynamic_links', kwargs={'doctype': 'Property Setter', 'name': 'Purchase Receipt-disable_rounded_to..., method='frappe.model.delete_doc.delete_dynamic_links', site='localhost', user='Administrator') job in 0:00:00.040163s on worker 083260a5a92f4861b897f57df14b20cb
2025-05-12 02:18:15,426 home-lisian-trash2-frappe-bench:default: Job OK (localhost||98296853-f48e-4555-bbf8-62f9ed29a16e)
2025-05-12 02:18:15,426 Result is kept for 600 seconds
2025-05-12 02:18:15,434 home-lisian-trash2-frappe-bench:default: frappe.utils.background_jobs.execute_job(event=None, is_async=True, job_name='frappe.model.delete_doc.delete_dynamic_links', kwargs={'doctype': 'Property Setter', 'name': 'Quotation-in_words-hidden'}, method='frappe.model.delete_doc.delete_dynamic_links', site='localhost', user='Administrator') (localhost||954306d5-46d2-4fc4-b4ce-1c518b1ddcbc)
2025-05-12 02:18:15,480 Successfully completed frappe.utils.background_jobs.execute_job(event=None, is_async=True, job_name='frappe.model.delete_doc.delete_dynamic_links', kwargs={'doctype': 'Property Setter', 'name': 'Quotation-in_words-hidden'}, method='frappe.model.delete_doc.delete_dynamic_links', site='localhost', user='Administrator') job in 0:00:00.038255s on worker 083260a5a92f4861b897f57df14b20cb
2025-05-12 02:18:15,480 home-lisian-trash2-frappe-bench:default: Job OK (localhost||954306d5-46d2-4fc4-b4ce-1c518b1ddcbc)
2025-05-12 02:18:15,480 Result is kept for 600 seconds
2025-05-12 02:18:15,488 home-lisian-trash2-frappe-bench:default: frappe.utils.background_jobs.execute_job(event=None, is_async=True, job_name='frappe.model.delete_doc.delete_dynamic_links', kwargs={'doctype': 'Property Setter', 'name': 'Quotation-in_words-print_hide'}, method='frappe.model.delete_doc.delete_dynamic_links', site='localhost', user='Administrator') (localhost||4ec2745b-1bf3-4b9c-b00c-81d78674605a)
2025-05-12 02:18:15,536 Successfully completed frappe.utils.background_jobs.execute_job(event=None, is_async=True, job_name='frappe.model.delete_doc.delete_dynamic_links', kwargs={'doctype': 'Property Setter', 'name': 'Quotation-in_words-print_hide'}, method='frappe.model.delete_doc.delete_dynamic_links', site='localhost', user='Administrator') job in 0:00:00.039069s on worker 083260a5a92f4861b897f57df14b20cb
2025-05-12 02:18:15,536 home-lisian-trash2-frappe-bench:default: Job OK (localhost||4ec2745b-1bf3-4b9c-b00c-81d78674605a)
2025-05-12 02:18:15,536 Result is kept for 600 seconds
2025-05-12 02:18:15,544 home-lisian-trash2-frappe-bench:default: frappe.utils.background_jobs.execute_job(event=None, is_async=True, job_name='frappe.model.delete_doc.delete_dynamic_links', kwargs={'doctype': 'Property Setter', 'name': 'Sales Order-in_words-hidden'}, method='frappe.model.delete_doc.delete_dynamic_links', site='localhost', user='Administrator') (localhost||ab47e8fa-ecc3-486e-a8cd-74bea8bee2e3)
2025-05-12 02:18:15,592 Successfully completed frappe.utils.background_jobs.execute_job(event=None, is_async=True, job_name='frappe.model.delete_doc.delete_dynamic_links', kwargs={'doctype': 'Property Setter', 'name': 'Sales Order-in_words-hidden'}, method='frappe.model.delete_doc.delete_dynamic_links', site='localhost', user='Administrator') job in 0:00:00.038545s on worker 083260a5a92f4861b897f57df14b20cb
2025-05-12 02:18:15,592 home-lisian-trash2-frappe-bench:default: Job OK (localhost||ab47e8fa-ecc3-486e-a8cd-74bea8bee2e3)
2025-05-12 02:18:15,592 Result is kept for 600 seconds
2025-05-12 02:18:15,599 home-lisian-trash2-frappe-bench:default: frappe.utils.background_jobs.execute_job(event=None, is_async=True, job_name='frappe.model.delete_doc.delete_dynamic_links', kwargs={'doctype': 'Property Setter', 'name': 'Sales Order-in_words-print_hide'}, method='frappe.model.delete_doc.delete_dynamic_links', site='localhost', user='Administrator') (localhost||199bf6d5-2a3f-47b5-8335-bffb483ba0a5)
2025-05-12 02:18:15,648 Successfully completed frappe.utils.background_jobs.execute_job(event=None, is_async=True, job_name='frappe.model.delete_doc.delete_dynamic_links', kwargs={'doctype': 'Property Setter', 'name': 'Sales Order-in_words-print_hide'}, method='frappe.model.delete_doc.delete_dynamic_links', site='localhost', user='Administrator') job in 0:00:00.040491s on worker 083260a5a92f4861b897f57df14b20cb
2025-05-12 02:18:15,648 home-lisian-trash2-frappe-bench:default: Job OK (localhost||199bf6d5-2a3f-47b5-8335-bffb483ba0a5)
2025-05-12 02:18:15,649 Result is kept for 600 seconds
2025-05-12 02:18:15,657 home-lisian-trash2-frappe-bench:default: frappe.utils.background_jobs.execute_job(event=None, is_async=True, job_name='frappe.model.delete_doc.delete_dynamic_links', kwargs={'doctype': 'Property Setter', 'name': 'Sales Invoice-in_words-hidden'}, method='frappe.model.delete_doc.delete_dynamic_links', site='localhost', user='Administrator') (localhost||075cd858-6ebf-414f-9c93-0ec2891075f9)
2025-05-12 02:18:15,703 Successfully completed frappe.utils.background_jobs.execute_job(event=None, is_async=True, job_name='frappe.model.delete_doc.delete_dynamic_links', kwargs={'doctype': 'Property Setter', 'name': 'Sales Invoice-in_words-hidden'}, method='frappe.model.delete_doc.delete_dynamic_links', site='localhost', user='Administrator') job in 0:00:00.038013s on worker 083260a5a92f4861b897f57df14b20cb
2025-05-12 02:18:15,703 home-lisian-trash2-frappe-bench:default: Job OK (localhost||075cd858-6ebf-414f-9c93-0ec2891075f9)
2025-05-12 02:18:15,703 Result is kept for 600 seconds
2025-05-12 02:18:15,710 home-lisian-trash2-frappe-bench:default: frappe.utils.background_jobs.execute_job(event=None, is_async=True, job_name='frappe.model.delete_doc.delete_dynamic_links', kwargs={'doctype': 'Property Setter', 'name': 'Sales Invoice-in_words-print_hide'}, method='frappe.model.delete_doc.delete_dynamic_links', site='localhost', user='Administrator') (localhost||d496c3e7-e57a-4485-b0dc-b4329b2d02c8)
2025-05-12 02:18:15,757 Successfully completed frappe.utils.background_jobs.execute_job(event=None, is_async=True, job_name='frappe.model.delete_doc.delete_dynamic_links', kwargs={'doctype': 'Property Setter', 'name': 'Sales Invoice-in_words-print_hide'}, method='frappe.model.delete_doc.delete_dynamic_links', site='localhost', user='Administrator') job in 0:00:00.037770s on worker 083260a5a92f4861b897f57df14b20cb
2025-05-12 02:18:15,757 home-lisian-trash2-frappe-bench:default: Job OK (localhost||d496c3e7-e57a-4485-b0dc-b4329b2d02c8)
2025-05-12 02:18:15,757 Result is kept for 600 seconds
2025-05-12 02:18:15,766 home-lisian-trash2-frappe-bench:default: frappe.utils.background_jobs.execute_job(event=None, is_async=True, job_name='frappe.model.delete_doc.delete_dynamic_links', kwargs={'doctype': 'Property Setter', 'name': 'Delivery Note-in_words-hidden'}, method='frappe.model.delete_doc.delete_dynamic_links', site='localhost', user='Administrator') (localhost||862f4f54-39d7-4df6-9bfc-76c5f76c0967)
2025-05-12 02:18:15,815 Successfully completed frappe.utils.background_jobs.execute_job(event=None, is_async=True, job_name='frappe.model.delete_doc.delete_dynamic_links', kwargs={'doctype': 'Property Setter', 'name': 'Delivery Note-in_words-hidden'}, method='frappe.model.delete_doc.delete_dynamic_links', site='localhost', user='Administrator') job in 0:00:00.039064s on worker 083260a5a92f4861b897f57df14b20cb
2025-05-12 02:18:15,815 home-lisian-trash2-frappe-bench:default: Job OK (localhost||862f4f54-39d7-4df6-9bfc-76c5f76c0967)
2025-05-12 02:18:15,815 Result is kept for 600 seconds
2025-05-12 02:18:15,824 home-lisian-trash2-frappe-bench:default: frappe.utils.background_jobs.execute_job(event=None, is_async=True, job_name='frappe.model.delete_doc.delete_dynamic_links', kwargs={'doctype': 'Property Setter', 'name': 'Delivery Note-in_words-print_hide'}, method='frappe.model.delete_doc.delete_dynamic_links', site='localhost', user='Administrator') (localhost||f95762dd-2c6a-442f-949e-c4d9d92e3b45)
2025-05-12 02:18:15,871 Successfully completed frappe.utils.background_jobs.execute_job(event=None, is_async=True, job_name='frappe.model.delete_doc.delete_dynamic_links', kwargs={'doctype': 'Property Setter', 'name': 'Delivery Note-in_words-print_hide'}, method='frappe.model.delete_doc.delete_dynamic_links', site='localhost', user='Administrator') job in 0:00:00.037722s on worker 083260a5a92f4861b897f57df14b20cb
2025-05-12 02:18:15,872 home-lisian-trash2-frappe-bench:default: Job OK (localhost||f95762dd-2c6a-442f-949e-c4d9d92e3b45)
2025-05-12 02:18:15,872 Result is kept for 600 seconds
2025-05-12 02:18:15,879 home-lisian-trash2-frappe-bench:default: frappe.utils.background_jobs.execute_job(event=None, is_async=True, job_name='frappe.model.delete_doc.delete_dynamic_links', kwargs={'doctype': 'Property Setter', 'name': 'Supplier Quotation-in_words-hidden'..., method='frappe.model.delete_doc.delete_dynamic_links', site='localhost', user='Administrator') (localhost||28329ff1-94ba-472c-b6e7-d76d329ff79d)
2025-05-12 02:18:15,927 Successfully completed frappe.utils.background_jobs.execute_job(event=None, is_async=True, job_name='frappe.model.delete_doc.delete_dynamic_links', kwargs={'doctype': 'Property Setter', 'name': 'Supplier Quotation-in_words-hidden'..., method='frappe.model.delete_doc.delete_dynamic_links', site='localhost', user='Administrator') job in 0:00:00.039125s on worker 083260a5a92f4861b897f57df14b20cb
2025-05-12 02:18:15,927 home-lisian-trash2-frappe-bench:default: Job OK (localhost||28329ff1-94ba-472c-b6e7-d76d329ff79d)
2025-05-12 02:18:15,927 Result is kept for 600 seconds
2025-05-12 02:18:15,934 home-lisian-trash2-frappe-bench:default: frappe.utils.background_jobs.execute_job(event=None, is_async=True, job_name='frappe.model.delete_doc.delete_dynamic_links', kwargs={'doctype': 'Property Setter', 'name': 'Supplier Quotation-in_words-print_h..., method='frappe.model.delete_doc.delete_dynamic_links', site='localhost', user='Administrator') (localhost||9af99b73-1c91-4efc-95cd-7f2a64a88fa7)
2025-05-12 02:18:15,985 Successfully completed frappe.utils.background_jobs.execute_job(event=None, is_async=True, job_name='frappe.model.delete_doc.delete_dynamic_links', kwargs={'doctype': 'Property Setter', 'name': 'Supplier Quotation-in_words-print_h..., method='frappe.model.delete_doc.delete_dynamic_links', site='localhost', user='Administrator') job in 0:00:00.041991s on worker 083260a5a92f4861b897f57df14b20cb
2025-05-12 02:18:15,985 home-lisian-trash2-frappe-bench:default: Job OK (localhost||9af99b73-1c91-4efc-95cd-7f2a64a88fa7)
2025-05-12 02:18:15,985 Result is kept for 600 seconds
2025-05-12 02:18:15,994 home-lisian-trash2-frappe-bench:default: frappe.utils.background_jobs.execute_job(event=None, is_async=True, job_name='frappe.model.delete_doc.delete_dynamic_links', kwargs={'doctype': 'Property Setter', 'name': 'Purchase Order-in_words-hidden'}, method='frappe.model.delete_doc.delete_dynamic_links', site='localhost', user='Administrator') (localhost||de14f9a3-e739-4d84-aef0-e4e475dfa383)
2025-05-12 02:18:16,043 Successfully completed frappe.utils.background_jobs.execute_job(event=None, is_async=True, job_name='frappe.model.delete_doc.delete_dynamic_links', kwargs={'doctype': 'Property Setter', 'name': 'Purchase Order-in_words-hidden'}, method='frappe.model.delete_doc.delete_dynamic_links', site='localhost', user='Administrator') job in 0:00:00.039826s on worker 083260a5a92f4861b897f57df14b20cb
2025-05-12 02:18:16,043 home-lisian-trash2-frappe-bench:default: Job OK (localhost||de14f9a3-e739-4d84-aef0-e4e475dfa383)
2025-05-12 02:18:16,043 Result is kept for 600 seconds
2025-05-12 02:18:16,050 home-lisian-trash2-frappe-bench:default: frappe.utils.background_jobs.execute_job(event=None, is_async=True, job_name='frappe.model.delete_doc.delete_dynamic_links', kwargs={'doctype': 'Property Setter', 'name': 'Purchase Order-in_words-print_hide'..., method='frappe.model.delete_doc.delete_dynamic_links', site='localhost', user='Administrator') (localhost||75236318-f098-4bed-bb60-7417d07a968b)
2025-05-12 02:18:16,100 Successfully completed frappe.utils.background_jobs.execute_job(event=None, is_async=True, job_name='frappe.model.delete_doc.delete_dynamic_links', kwargs={'doctype': 'Property Setter', 'name': 'Purchase Order-in_words-print_hide'..., method='frappe.model.delete_doc.delete_dynamic_links', site='localhost', user='Administrator') job in 0:00:00.041260s on worker 083260a5a92f4861b897f57df14b20cb
2025-05-12 02:18:16,101 home-lisian-trash2-frappe-bench:default: Job OK (localhost||75236318-f098-4bed-bb60-7417d07a968b)
2025-05-12 02:18:16,101 Result is kept for 600 seconds
2025-05-12 02:18:16,108 home-lisian-trash2-frappe-bench:default: frappe.utils.background_jobs.execute_job(event=None, is_async=True, job_name='frappe.model.delete_doc.delete_dynamic_links', kwargs={'doctype': 'Property Setter', 'name': 'Purchase Invoice-in_words-hidden'}, method='frappe.model.delete_doc.delete_dynamic_links', site='localhost', user='Administrator') (localhost||03a58121-a167-40a0-8b4a-14648937d8f9)
2025-05-12 02:18:16,158 Successfully completed frappe.utils.background_jobs.execute_job(event=None, is_async=True, job_name='frappe.model.delete_doc.delete_dynamic_links', kwargs={'doctype': 'Property Setter', 'name': 'Purchase Invoice-in_words-hidden'}, method='frappe.model.delete_doc.delete_dynamic_links', site='localhost', user='Administrator') job in 0:00:00.041091s on worker 083260a5a92f4861b897f57df14b20cb
2025-05-12 02:18:16,158 home-lisian-trash2-frappe-bench:default: Job OK (localhost||03a58121-a167-40a0-8b4a-14648937d8f9)
2025-05-12 02:18:16,158 Result is kept for 600 seconds
2025-05-12 02:18:16,165 home-lisian-trash2-frappe-bench:default: frappe.utils.background_jobs.execute_job(event=None, is_async=True, job_name='frappe.model.delete_doc.delete_dynamic_links', kwargs={'doctype': 'Property Setter', 'name': 'Purchase Invoice-in_words-print_hid..., method='frappe.model.delete_doc.delete_dynamic_links', site='localhost', user='Administrator') (localhost||7200878b-c71f-41f0-bd8f-e73044d4c61f)
2025-05-12 02:18:16,214 Successfully completed frappe.utils.background_jobs.execute_job(event=None, is_async=True, job_name='frappe.model.delete_doc.delete_dynamic_links', kwargs={'doctype': 'Property Setter', 'name': 'Purchase Invoice-in_words-print_hid..., method='frappe.model.delete_doc.delete_dynamic_links', site='localhost', user='Administrator') job in 0:00:00.040559s on worker 083260a5a92f4861b897f57df14b20cb
2025-05-12 02:18:16,215 home-lisian-trash2-frappe-bench:default: Job OK (localhost||7200878b-c71f-41f0-bd8f-e73044d4c61f)
2025-05-12 02:18:16,215 Result is kept for 600 seconds
2025-05-12 02:18:16,222 home-lisian-trash2-frappe-bench:default: frappe.utils.background_jobs.execute_job(event=None, is_async=True, job_name='frappe.model.delete_doc.delete_dynamic_links', kwargs={'doctype': 'Property Setter', 'name': 'Purchase Receipt-in_words-hidden'}, method='frappe.model.delete_doc.delete_dynamic_links', site='localhost', user='Administrator') (localhost||dfdc8869-edff-4a86-aebf-9837d5e80c57)
2025-05-12 02:18:16,274 Successfully completed frappe.utils.background_jobs.execute_job(event=None, is_async=True, job_name='frappe.model.delete_doc.delete_dynamic_links', kwargs={'doctype': 'Property Setter', 'name': 'Purchase Receipt-in_words-hidden'}, method='frappe.model.delete_doc.delete_dynamic_links', site='localhost', user='Administrator') job in 0:00:00.042834s on worker 083260a5a92f4861b897f57df14b20cb
2025-05-12 02:18:16,275 home-lisian-trash2-frappe-bench:default: Job OK (localhost||dfdc8869-edff-4a86-aebf-9837d5e80c57)
2025-05-12 02:18:16,275 Result is kept for 600 seconds
2025-05-12 02:18:16,282 home-lisian-trash2-frappe-bench:default: frappe.utils.background_jobs.execute_job(event=None, is_async=True, job_name='frappe.model.delete_doc.delete_dynamic_links', kwargs={'doctype': 'Property Setter', 'name': 'Purchase Receipt-in_words-print_hid..., method='frappe.model.delete_doc.delete_dynamic_links', site='localhost', user='Administrator') (localhost||bd00ddf7-0efc-4a9a-880e-fa03260f2aea)
2025-05-12 02:18:16,332 Successfully completed frappe.utils.background_jobs.execute_job(event=None, is_async=True, job_name='frappe.model.delete_doc.delete_dynamic_links', kwargs={'doctype': 'Property Setter', 'name': 'Purchase Receipt-in_words-print_hid..., method='frappe.model.delete_doc.delete_dynamic_links', site='localhost', user='Administrator') job in 0:00:00.040551s on worker 083260a5a92f4861b897f57df14b20cb
2025-05-12 02:18:16,332 home-lisian-trash2-frappe-bench:default: Job OK (localhost||bd00ddf7-0efc-4a9a-880e-fa03260f2aea)
2025-05-12 02:18:16,332 Result is kept for 600 seconds
2025-05-12 02:18:16,340 home-lisian-trash2-frappe-bench:default: frappe.utils.background_jobs.execute_job(event=None, is_async=True, job_name='frappe.model.delete_doc.delete_dynamic_links', kwargs={'doctype': 'Property Setter', 'name': 'Sales Invoice Item-target_warehouse..., method='frappe.model.delete_doc.delete_dynamic_links', site='localhost', user='Administrator') (localhost||d4514482-0e69-49bd-833d-8eeb3c93b2cc)
2025-05-12 02:18:16,387 Successfully completed frappe.utils.background_jobs.execute_job(event=None, is_async=True, job_name='frappe.model.delete_doc.delete_dynamic_links', kwargs={'doctype': 'Property Setter', 'name': 'Sales Invoice Item-target_warehouse..., method='frappe.model.delete_doc.delete_dynamic_links', site='localhost', user='Administrator') job in 0:00:00.038378s on worker 083260a5a92f4861b897f57df14b20cb
2025-05-12 02:18:16,388 home-lisian-trash2-frappe-bench:default: Job OK (localhost||d4514482-0e69-49bd-833d-8eeb3c93b2cc)
2025-05-12 02:18:16,388 Result is kept for 600 seconds
2025-05-12 02:18:16,397 home-lisian-trash2-frappe-bench:default: frappe.utils.background_jobs.execute_job(event=None, is_async=True, job_name='frappe.model.delete_doc.delete_dynamic_links', kwargs={'doctype': 'Property Setter', 'name': 'Delivery Note Item-target_warehouse..., method='frappe.model.delete_doc.delete_dynamic_links', site='localhost', user='Administrator') (localhost||bbed9673-e14d-458b-855e-1baa79511bd3)
2025-05-12 02:18:16,446 Successfully completed frappe.utils.background_jobs.execute_job(event=None, is_async=True, job_name='frappe.model.delete_doc.delete_dynamic_links', kwargs={'doctype': 'Property Setter', 'name': 'Delivery Note Item-target_warehouse..., method='frappe.model.delete_doc.delete_dynamic_links', site='localhost', user='Administrator') job in 0:00:00.039954s on worker 083260a5a92f4861b897f57df14b20cb
2025-05-12 02:18:16,447 home-lisian-trash2-frappe-bench:default: Job OK (localhost||bbed9673-e14d-458b-855e-1baa79511bd3)
2025-05-12 02:18:16,447 Result is kept for 600 seconds
2025-05-12 02:18:16,456 home-lisian-trash2-frappe-bench:default: frappe.utils.background_jobs.execute_job(event=None, is_async=True, job_name='frappe.model.delete_doc.delete_dynamic_links', kwargs={'doctype': 'Property Setter', 'name': 'Purchase Invoice Item-from_warehous..., method='frappe.model.delete_doc.delete_dynamic_links', site='localhost', user='Administrator') (localhost||34a3c1ad-935c-4d81-be5c-2a186f1d9971)
2025-05-12 02:18:16,501 Successfully completed frappe.utils.background_jobs.execute_job(event=None, is_async=True, job_name='frappe.model.delete_doc.delete_dynamic_links', kwargs={'doctype': 'Property Setter', 'name': 'Purchase Invoice Item-from_warehous..., method='frappe.model.delete_doc.delete_dynamic_links', site='localhost', user='Administrator') job in 0:00:00.036631s on worker 083260a5a92f4861b897f57df14b20cb
2025-05-12 02:18:16,501 home-lisian-trash2-frappe-bench:default: Job OK (localhost||34a3c1ad-935c-4d81-be5c-2a186f1d9971)
2025-05-12 02:18:16,501 Result is kept for 600 seconds
2025-05-12 02:18:16,509 home-lisian-trash2-frappe-bench:default: frappe.utils.background_jobs.execute_job(event=None, is_async=True, job_name='frappe.model.delete_doc.delete_dynamic_links', kwargs={'doctype': 'Property Setter', 'name': 'Purchase Receipt Item-from_warehous..., method='frappe.model.delete_doc.delete_dynamic_links', site='localhost', user='Administrator') (localhost||ecb18a83-79d8-4fb5-b251-1add236e932f)
2025-05-12 02:18:16,560 Successfully completed frappe.utils.background_jobs.execute_job(event=None, is_async=True, job_name='frappe.model.delete_doc.delete_dynamic_links', kwargs={'doctype': 'Property Setter', 'name': 'Purchase Receipt Item-from_warehous..., method='frappe.model.delete_doc.delete_dynamic_links', site='localhost', user='Administrator') job in 0:00:00.041103s on worker 083260a5a92f4861b897f57df14b20cb
2025-05-12 02:18:16,560 home-lisian-trash2-frappe-bench:default: Job OK (localhost||ecb18a83-79d8-4fb5-b251-1add236e932f)
2025-05-12 02:18:16,560 Result is kept for 600 seconds
2025-05-12 02:20:00,250 home-lisian-trash2-frappe-bench:default: frappe.utils.background_jobs.execute_job(event=None, is_async=True, job_name='frappe.core.doctype.scheduled_job_type.scheduled_job_type.run_scheduled_jo..., kwargs={'job_type': 'frappe.email.doctype.newsletter.newsletter.send_scheduled_ema..., method='frappe.core.doctype.scheduled_job_type.scheduled_job_type.run_scheduled_jo..., site='localhost', user='Administrator') (localhost||scheduled_job||tcjtuihesc)
2025-05-12 02:20:00,539 Successfully completed frappe.utils.background_jobs.execute_job(event=None, is_async=True, job_name='frappe.core.doctype.scheduled_job_type.scheduled_job_type.run_scheduled_jo..., kwargs={'job_type': 'frappe.email.doctype.newsletter.newsletter.send_scheduled_ema..., method='frappe.core.doctype.scheduled_job_type.scheduled_job_type.run_scheduled_jo..., site='localhost', user='Administrator') job in 0:00:00.279470s on worker 083260a5a92f4861b897f57df14b20cb
2025-05-12 02:20:00,539 home-lisian-trash2-frappe-bench:default: Job OK (localhost||scheduled_job||tcjtuihesc)
2025-05-12 02:20:00,540 Result is kept for 600 seconds
2025-05-12 02:20:00,550 home-lisian-trash2-frappe-bench:default: frappe.utils.background_jobs.execute_job(event=None, is_async=True, job_name='frappe.core.doctype.scheduled_job_type.scheduled_job_type.run_scheduled_jo..., kwargs={'job_type': 'erpnext.erpnext_integrations.doctype.plaid_settings.plaid_set..., method='frappe.core.doctype.scheduled_job_type.scheduled_job_type.run_scheduled_jo..., site='localhost', user='Administrator') (localhost||scheduled_job||2nmoj3ugaa)
2025-05-12 02:20:00,726 Successfully completed frappe.utils.background_jobs.execute_job(event=None, is_async=True, job_name='frappe.core.doctype.scheduled_job_type.scheduled_job_type.run_scheduled_jo..., kwargs={'job_type': 'erpnext.erpnext_integrations.doctype.plaid_settings.plaid_set..., method='frappe.core.doctype.scheduled_job_type.scheduled_job_type.run_scheduled_jo..., site='localhost', user='Administrator') job in 0:00:00.166682s on worker 083260a5a92f4861b897f57df14b20cb
2025-05-12 02:20:00,726 home-lisian-trash2-frappe-bench:default: Job OK (localhost||scheduled_job||2nmoj3ugaa)
2025-05-12 02:20:00,726 Result is kept for 600 seconds
2025-05-12 02:20:00,736 home-lisian-trash2-frappe-bench:default: frappe.utils.background_jobs.execute_job(event=None, is_async=True, job_name='frappe.core.doctype.scheduled_job_type.scheduled_job_type.run_scheduled_jo..., kwargs={'job_type': 'frappe.email.doctype.notification.notification.trigger_offset..., method='frappe.core.doctype.scheduled_job_type.scheduled_job_type.run_scheduled_jo..., site='localhost', user='Administrator') (localhost||scheduled_job||tcjjs4qd46)
2025-05-12 02:20:00,853 Successfully completed frappe.utils.background_jobs.execute_job(event=None, is_async=True, job_name='frappe.core.doctype.scheduled_job_type.scheduled_job_type.run_scheduled_jo..., kwargs={'job_type': 'frappe.email.doctype.notification.notification.trigger_offset..., method='frappe.core.doctype.scheduled_job_type.scheduled_job_type.run_scheduled_jo..., site='localhost', user='Administrator') job in 0:00:00.108885s on worker 083260a5a92f4861b897f57df14b20cb
2025-05-12 02:20:00,853 home-lisian-trash2-frappe-bench:default: Job OK (localhost||scheduled_job||tcjjs4qd46)
2025-05-12 02:20:00,853 Result is kept for 600 seconds
2025-05-12 02:20:00,863 home-lisian-trash2-frappe-bench:default: frappe.utils.background_jobs.execute_job(event=None, is_async=True, job_name='frappe.core.doctype.scheduled_job_type.scheduled_job_type.run_scheduled_jo..., kwargs={'job_type': 'hrms.hr.doctype.interview.interview.send_interview_reminder',..., method='frappe.core.doctype.scheduled_job_type.scheduled_job_type.run_scheduled_jo..., site='localhost', user='Administrator') (localhost||scheduled_job||2nmehhpttf)
2025-05-12 02:20:00,974 Successfully completed frappe.utils.background_jobs.execute_job(event=None, is_async=True, job_name='frappe.core.doctype.scheduled_job_type.scheduled_job_type.run_scheduled_jo..., kwargs={'job_type': 'hrms.hr.doctype.interview.interview.send_interview_reminder',..., method='frappe.core.doctype.scheduled_job_type.scheduled_job_type.run_scheduled_jo..., site='localhost', user='Administrator') job in 0:00:00.101745s on worker 083260a5a92f4861b897f57df14b20cb
2025-05-12 02:20:00,974 home-lisian-trash2-frappe-bench:default: Job OK (localhost||scheduled_job||2nmehhpttf)
2025-05-12 02:20:00,974 Result is kept for 600 seconds
2025-05-12 02:20:00,983 home-lisian-trash2-frappe-bench:default: frappe.utils.background_jobs.execute_job(event=None, is_async=True, job_name='frappe.core.doctype.scheduled_job_type.scheduled_job_type.run_scheduled_jo..., kwargs={'job_type': 'frappe.email.doctype.email_account.email_account.pull', 'sche..., method='frappe.core.doctype.scheduled_job_type.scheduled_job_type.run_scheduled_jo..., site='localhost', user='Administrator') (localhost||scheduled_job||tcjvo49ffi)
2025-05-12 02:20:01,150 Successfully completed frappe.utils.background_jobs.execute_job(event=None, is_async=True, job_name='frappe.core.doctype.scheduled_job_type.scheduled_job_type.run_scheduled_jo..., kwargs={'job_type': 'frappe.email.doctype.email_account.email_account.pull', 'sche..., method='frappe.core.doctype.scheduled_job_type.scheduled_job_type.run_scheduled_jo..., site='localhost', user='Administrator') job in 0:00:00.157753s on worker 083260a5a92f4861b897f57df14b20cb
2025-05-12 02:20:01,150 home-lisian-trash2-frappe-bench:default: Job OK (localhost||scheduled_job||tcjvo49ffi)
2025-05-12 02:20:01,151 Result is kept for 600 seconds
2025-05-12 02:20:01,161 home-lisian-trash2-frappe-bench:default: frappe.utils.background_jobs.execute_job(event=None, is_async=True, job_name='frappe.core.doctype.scheduled_job_type.scheduled_job_type.run_scheduled_jo..., kwargs={'job_type': 'erpnext.utilities.doctype.video.video.update_youtube_data', '..., method='frappe.core.doctype.scheduled_job_type.scheduled_job_type.run_scheduled_jo..., site='localhost', user='Administrator') (localhost||scheduled_job||2nluu587gr)
2025-05-12 02:20:01,538 Successfully completed frappe.utils.background_jobs.execute_job(event=None, is_async=True, job_name='frappe.core.doctype.scheduled_job_type.scheduled_job_type.run_scheduled_jo..., kwargs={'job_type': 'erpnext.utilities.doctype.video.video.update_youtube_data', '..., method='frappe.core.doctype.scheduled_job_type.scheduled_job_type.run_scheduled_jo..., site='localhost', user='Administrator') job in 0:00:00.367800s on worker 083260a5a92f4861b897f57df14b20cb
2025-05-12 02:20:01,538 home-lisian-trash2-frappe-bench:default: Job OK (localhost||scheduled_job||2nluu587gr)
2025-05-12 02:20:01,538 Result is kept for 600 seconds
2025-05-12 02:20:01,552 home-lisian-trash2-frappe-bench:default: frappe.utils.background_jobs.execute_job(event=None, is_async=True, job_name='frappe.core.doctype.scheduled_job_type.scheduled_job_type.run_scheduled_jo..., kwargs={'job_type': 'erpnext.projects.doctype.project.project.collect_project_stat..., method='frappe.core.doctype.scheduled_job_type.scheduled_job_type.run_scheduled_jo..., site='localhost', user='Administrator') (localhost||scheduled_job||2nnhn9vhp5)
2025-05-12 02:20:01,740 Successfully completed frappe.utils.background_jobs.execute_job(event=None, is_async=True, job_name='frappe.core.doctype.scheduled_job_type.scheduled_job_type.run_scheduled_jo..., kwargs={'job_type': 'erpnext.projects.doctype.project.project.collect_project_stat..., method='frappe.core.doctype.scheduled_job_type.scheduled_job_type.run_scheduled_jo..., site='localhost', user='Administrator') job in 0:00:00.178024s on worker 083260a5a92f4861b897f57df14b20cb
2025-05-12 02:20:01,740 home-lisian-trash2-frappe-bench:default: Job OK (localhost||scheduled_job||2nnhn9vhp5)
2025-05-12 02:20:01,740 Result is kept for 600 seconds
2025-05-12 02:20:01,750 home-lisian-trash2-frappe-bench:default: frappe.utils.background_jobs.execute_job(event=None, is_async=True, job_name='frappe.core.doctype.scheduled_job_type.scheduled_job_type.run_scheduled_jo..., kwargs={'job_type': 'frappe.email.queue.flush', 'scheduled_job_type': 'tcj4cjd9ff'..., method='frappe.core.doctype.scheduled_job_type.scheduled_job_type.run_scheduled_jo..., site='localhost', user='Administrator') (localhost||scheduled_job||tcj4cjd9ff)
2025-05-12 02:20:01,945 Successfully completed frappe.utils.background_jobs.execute_job(event=None, is_async=True, job_name='frappe.core.doctype.scheduled_job_type.scheduled_job_type.run_scheduled_jo..., kwargs={'job_type': 'frappe.email.queue.flush', 'scheduled_job_type': 'tcj4cjd9ff'..., method='frappe.core.doctype.scheduled_job_type.scheduled_job_type.run_scheduled_jo..., site='localhost', user='Administrator') job in 0:00:00.186918s on worker 083260a5a92f4861b897f57df14b20cb
2025-05-12 02:20:01,945 home-lisian-trash2-frappe-bench:default: Job OK (localhost||scheduled_job||tcj4cjd9ff)
2025-05-12 02:20:01,946 Result is kept for 600 seconds
2025-05-12 02:20:01,958 home-lisian-trash2-frappe-bench:default: frappe.utils.background_jobs.execute_job(event=None, is_async=True, job_name='frappe.core.doctype.scheduled_job_type.scheduled_job_type.run_scheduled_jo..., kwargs={'job_type': 'erpnext.projects.doctype.project.project.project_status_updat..., method='frappe.core.doctype.scheduled_job_type.scheduled_job_type.run_scheduled_jo..., site='localhost', user='Administrator') (localhost||scheduled_job||2nm3cv54db)
2025-05-12 02:20:02,154 Successfully completed frappe.utils.background_jobs.execute_job(event=None, is_async=True, job_name='frappe.core.doctype.scheduled_job_type.scheduled_job_type.run_scheduled_jo..., kwargs={'job_type': 'erpnext.projects.doctype.project.project.project_status_updat..., method='frappe.core.doctype.scheduled_job_type.scheduled_job_type.run_scheduled_jo..., site='localhost', user='Administrator') job in 0:00:00.186866s on worker 083260a5a92f4861b897f57df14b20cb
2025-05-12 02:20:02,154 home-lisian-trash2-frappe-bench:default: Job OK (localhost||scheduled_job||2nm3cv54db)
2025-05-12 02:20:02,154 Result is kept for 600 seconds
2025-05-12 02:20:02,164 home-lisian-trash2-frappe-bench:default: frappe.utils.background_jobs.execute_job(event=None, is_async=True, job_name='frappe.core.doctype.scheduled_job_type.scheduled_job_type.run_scheduled_jo..., kwargs={'job_type': 'erpnext.accounts.doctype.gl_entry.gl_entry.rename_gle_sle_doc..., method='frappe.core.doctype.scheduled_job_type.scheduled_job_type.run_scheduled_jo..., site='localhost', user='Administrator') (localhost||scheduled_job||2nklcuf8c2)
2025-05-12 02:20:02,363 Successfully completed frappe.utils.background_jobs.execute_job(event=None, is_async=True, job_name='frappe.core.doctype.scheduled_job_type.scheduled_job_type.run_scheduled_jo..., kwargs={'job_type': 'erpnext.accounts.doctype.gl_entry.gl_entry.rename_gle_sle_doc..., method='frappe.core.doctype.scheduled_job_type.scheduled_job_type.run_scheduled_jo..., site='localhost', user='Administrator') job in 0:00:00.190774s on worker 083260a5a92f4861b897f57df14b20cb
2025-05-12 02:20:02,364 home-lisian-trash2-frappe-bench:default: Job OK (localhost||scheduled_job||2nklcuf8c2)
2025-05-12 02:20:02,364 Result is kept for 600 seconds
2025-05-12 02:20:02,374 home-lisian-trash2-frappe-bench:default: frappe.utils.background_jobs.execute_job(event=None, is_async=True, job_name='frappe.core.doctype.scheduled_job_type.scheduled_job_type.run_scheduled_jo..., kwargs={'job_type': 'frappe.monitor.flush', 'scheduled_job_type': 'tcj4t99r55'}, method='frappe.core.doctype.scheduled_job_type.scheduled_job_type.run_scheduled_jo..., site='localhost', user='Administrator') (localhost||scheduled_job||tcj4t99r55)
2025-05-12 02:20:02,486 Successfully completed frappe.utils.background_jobs.execute_job(event=None, is_async=True, job_name='frappe.core.doctype.scheduled_job_type.scheduled_job_type.run_scheduled_jo..., kwargs={'job_type': 'frappe.monitor.flush', 'scheduled_job_type': 'tcj4t99r55'}, method='frappe.core.doctype.scheduled_job_type.scheduled_job_type.run_scheduled_jo..., site='localhost', user='Administrator') job in 0:00:00.102735s on worker 083260a5a92f4861b897f57df14b20cb
2025-05-12 02:20:02,486 home-lisian-trash2-frappe-bench:default: Job OK (localhost||scheduled_job||tcj4t99r55)
2025-05-12 02:20:02,486 Result is kept for 600 seconds
2025-05-12 02:20:02,495 home-lisian-trash2-frappe-bench:default: frappe.utils.background_jobs.execute_job(event=None, is_async=True, job_name='frappe.core.doctype.scheduled_job_type.scheduled_job_type.run_scheduled_jo..., kwargs={'job_type': 'erpnext.stock.reorder_item.reorder_item', 'scheduled_job_type..., method='frappe.core.doctype.scheduled_job_type.scheduled_job_type.run_scheduled_jo..., site='localhost', user='Administrator') (localhost||scheduled_job||2nk15n6iea)
2025-05-12 02:20:02,645 Successfully completed frappe.utils.background_jobs.execute_job(event=None, is_async=True, job_name='frappe.core.doctype.scheduled_job_type.scheduled_job_type.run_scheduled_jo..., kwargs={'job_type': 'erpnext.stock.reorder_item.reorder_item', 'scheduled_job_type..., method='frappe.core.doctype.scheduled_job_type.scheduled_job_type.run_scheduled_jo..., site='localhost', user='Administrator') job in 0:00:00.140818s on worker 083260a5a92f4861b897f57df14b20cb
2025-05-12 02:20:02,645 home-lisian-trash2-frappe-bench:default: Job OK (localhost||scheduled_job||2nk15n6iea)
2025-05-12 02:20:02,645 Result is kept for 600 seconds
2025-05-12 02:20:02,655 home-lisian-trash2-frappe-bench:default: frappe.utils.background_jobs.execute_job(event=None, is_async=True, job_name='frappe.core.doctype.scheduled_job_type.scheduled_job_type.run_scheduled_jo..., kwargs={'job_type': 'frappe.utils.global_search.sync_global_search', 'scheduled_jo..., method='frappe.core.doctype.scheduled_job_type.scheduled_job_type.run_scheduled_jo..., site='localhost', user='Administrator') (localhost||scheduled_job||tcj2rkl4ao)
2025-05-12 02:20:02,938 Successfully completed frappe.utils.background_jobs.execute_job(event=None, is_async=True, job_name='frappe.core.doctype.scheduled_job_type.scheduled_job_type.run_scheduled_jo..., kwargs={'job_type': 'frappe.utils.global_search.sync_global_search', 'scheduled_jo..., method='frappe.core.doctype.scheduled_job_type.scheduled_job_type.run_scheduled_jo..., site='localhost', user='Administrator') job in 0:00:00.274951s on worker 083260a5a92f4861b897f57df14b20cb
2025-05-12 02:20:02,938 home-lisian-trash2-frappe-bench:default: Job OK (localhost||scheduled_job||tcj2rkl4ao)
2025-05-12 02:20:02,939 Result is kept for 600 seconds
2025-05-12 02:20:02,949 home-lisian-trash2-frappe-bench:default: frappe.utils.background_jobs.execute_job(event=None, is_async=True, job_name='frappe.core.doctype.scheduled_job_type.scheduled_job_type.run_scheduled_jo..., kwargs={'job_type': 'frappe.integrations.doctype.google_calendar.google_calendar.s..., method='frappe.core.doctype.scheduled_job_type.scheduled_job_type.run_scheduled_jo..., site='localhost', user='Administrator') (localhost||scheduled_job||tcj9ke2grh)
2025-05-12 02:20:03,221 Successfully completed frappe.utils.background_jobs.execute_job(event=None, is_async=True, job_name='frappe.core.doctype.scheduled_job_type.scheduled_job_type.run_scheduled_jo..., kwargs={'job_type': 'frappe.integrations.doctype.google_calendar.google_calendar.s..., method='frappe.core.doctype.scheduled_job_type.scheduled_job_type.run_scheduled_jo..., site='localhost', user='Administrator') job in 0:00:00.260534s on worker 083260a5a92f4861b897f57df14b20cb
2025-05-12 02:20:03,221 home-lisian-trash2-frappe-bench:default: Job OK (localhost||scheduled_job||tcj9ke2grh)
2025-05-12 02:20:03,221 Result is kept for 600 seconds
2025-05-12 02:20:03,234 home-lisian-trash2-frappe-bench:default: frappe.utils.background_jobs.execute_job(event=None, is_async=True, job_name='frappe.core.doctype.scheduled_job_type.scheduled_job_type.run_scheduled_jo..., kwargs={'job_type': 'frappe.automation.doctype.reminder.reminder.send_reminders', ..., method='frappe.core.doctype.scheduled_job_type.scheduled_job_type.run_scheduled_jo..., site='localhost', user='Administrator') (localhost||scheduled_job||tcjvh32brr)
2025-05-12 02:20:03,378 Successfully completed frappe.utils.background_jobs.execute_job(event=None, is_async=True, job_name='frappe.core.doctype.scheduled_job_type.scheduled_job_type.run_scheduled_jo..., kwargs={'job_type': 'frappe.automation.doctype.reminder.reminder.send_reminders', ..., method='frappe.core.doctype.scheduled_job_type.scheduled_job_type.run_scheduled_jo..., site='localhost', user='Administrator') job in 0:00:00.135270s on worker 083260a5a92f4861b897f57df14b20cb
2025-05-12 02:20:03,378 home-lisian-trash2-frappe-bench:default: Job OK (localhost||scheduled_job||tcjvh32brr)
2025-05-12 02:20:03,378 Result is kept for 600 seconds
2025-05-12 02:20:03,387 home-lisian-trash2-frappe-bench:default: frappe.utils.background_jobs.execute_job(event=None, is_async=True, job_name='frappe.core.doctype.scheduled_job_type.scheduled_job_type.run_scheduled_jo..., kwargs={'job_type': 'frappe.deferred_insert.save_to_db', 'scheduled_job_type': 'tc..., method='frappe.core.doctype.scheduled_job_type.scheduled_job_type.run_scheduled_jo..., site='localhost', user='Administrator') (localhost||scheduled_job||tcjmi926ep)
2025-05-12 02:20:03,544 Successfully completed frappe.utils.background_jobs.execute_job(event=None, is_async=True, job_name='frappe.core.doctype.scheduled_job_type.scheduled_job_type.run_scheduled_jo..., kwargs={'job_type': 'frappe.deferred_insert.save_to_db', 'scheduled_job_type': 'tc..., method='frappe.core.doctype.scheduled_job_type.scheduled_job_type.run_scheduled_jo..., site='localhost', user='Administrator') job in 0:00:00.146572s on worker 083260a5a92f4861b897f57df14b20cb
2025-05-12 02:20:03,545 home-lisian-trash2-frappe-bench:default: Job OK (localhost||scheduled_job||tcjmi926ep)
2025-05-12 02:20:03,545 Result is kept for 600 seconds
2025-05-12 02:20:03,555 home-lisian-trash2-frappe-bench:default: frappe.utils.background_jobs.execute_job(event=None, is_async=True, job_name='frappe.core.doctype.scheduled_job_type.scheduled_job_type.run_scheduled_jo..., kwargs={'job_type': 'erpnext.projects.doctype.project.project.hourly_reminder', 's..., method='frappe.core.doctype.scheduled_job_type.scheduled_job_type.run_scheduled_jo..., site='localhost', user='Administrator') (localhost||scheduled_job||2nm70lrgsk)
2025-05-12 02:20:03,715 Successfully completed frappe.utils.background_jobs.execute_job(event=None, is_async=True, job_name='frappe.core.doctype.scheduled_job_type.scheduled_job_type.run_scheduled_jo..., kwargs={'job_type': 'erpnext.projects.doctype.project.project.hourly_reminder', 's..., method='frappe.core.doctype.scheduled_job_type.scheduled_job_type.run_scheduled_jo..., site='localhost', user='Administrator') job in 0:00:00.150733s on worker 083260a5a92f4861b897f57df14b20cb
2025-05-12 02:20:03,715 home-lisian-trash2-frappe-bench:default: Job OK (localhost||scheduled_job||2nm70lrgsk)
2025-05-12 02:20:03,715 Result is kept for 600 seconds
2025-05-12 02:20:03,726 home-lisian-trash2-frappe-bench:default: frappe.utils.background_jobs.execute_job(event=None, is_async=True, job_name='frappe.core.doctype.scheduled_job_type.scheduled_job_type.run_scheduled_jo..., kwargs={'job_type': 'erpnext.manufacturing.doctype.bom_update_log.bom_update_log.r..., method='frappe.core.doctype.scheduled_job_type.scheduled_job_type.run_scheduled_jo..., site='localhost', user='Administrator') (localhost||scheduled_job||2nk12r2dfj)
2025-05-12 02:20:03,871 Successfully completed frappe.utils.background_jobs.execute_job(event=None, is_async=True, job_name='frappe.core.doctype.scheduled_job_type.scheduled_job_type.run_scheduled_jo..., kwargs={'job_type': 'erpnext.manufacturing.doctype.bom_update_log.bom_update_log.r..., method='frappe.core.doctype.scheduled_job_type.scheduled_job_type.run_scheduled_jo..., site='localhost', user='Administrator') job in 0:00:00.136632s on worker 083260a5a92f4861b897f57df14b20cb
2025-05-12 02:20:03,871 home-lisian-trash2-frappe-bench:default: Job OK (localhost||scheduled_job||2nk12r2dfj)
2025-05-12 02:20:03,871 Result is kept for 600 seconds
2025-05-12 02:20:03,881 home-lisian-trash2-frappe-bench:default: frappe.utils.background_jobs.execute_job(event=None, is_async=True, job_name='frappe.core.doctype.scheduled_job_type.scheduled_job_type.run_scheduled_jo..., kwargs={'job_type': 'frappe.email.doctype.email_account.email_account.notify_unrep..., method='frappe.core.doctype.scheduled_job_type.scheduled_job_type.run_scheduled_jo..., site='localhost', user='Administrator') (localhost||scheduled_job||tcj27vgf6f)
2025-05-12 02:20:04,048 Successfully completed frappe.utils.background_jobs.execute_job(event=None, is_async=True, job_name='frappe.core.doctype.scheduled_job_type.scheduled_job_type.run_scheduled_jo..., kwargs={'job_type': 'frappe.email.doctype.email_account.email_account.notify_unrep..., method='frappe.core.doctype.scheduled_job_type.scheduled_job_type.run_scheduled_jo..., site='localhost', user='Administrator') job in 0:00:00.157162s on worker 083260a5a92f4861b897f57df14b20cb
2025-05-12 02:20:04,048 home-lisian-trash2-frappe-bench:default: Job OK (localhost||scheduled_job||tcj27vgf6f)
2025-05-12 02:20:04,048 Result is kept for 600 seconds
2025-05-12 02:20:04,057 home-lisian-trash2-frappe-bench:default: frappe.utils.background_jobs.execute_job(event=None, is_async=True, job_name='frappe.core.doctype.scheduled_job_type.scheduled_job_type.run_scheduled_jo..., kwargs={'job_type': 'hrms.hr.doctype.daily_work_summary_group.daily_work_summary_g..., method='frappe.core.doctype.scheduled_job_type.scheduled_job_type.run_scheduled_jo..., site='localhost', user='Administrator') (localhost||scheduled_job||2nn3irp1os)
2025-05-12 02:20:04,204 Successfully completed frappe.utils.background_jobs.execute_job(event=None, is_async=True, job_name='frappe.core.doctype.scheduled_job_type.scheduled_job_type.run_scheduled_jo..., kwargs={'job_type': 'hrms.hr.doctype.daily_work_summary_group.daily_work_summary_g..., method='frappe.core.doctype.scheduled_job_type.scheduled_job_type.run_scheduled_jo..., site='localhost', user='Administrator') job in 0:00:00.137474s on worker 083260a5a92f4861b897f57df14b20cb
2025-05-12 02:20:04,204 home-lisian-trash2-frappe-bench:default: Job OK (localhost||scheduled_job||2nn3irp1os)
2025-05-12 02:20:04,204 Result is kept for 600 seconds
2025-05-12 02:20:04,215 home-lisian-trash2-frappe-bench:long: frappe.utils.background_jobs.execute_job(event=None, is_async=True, job_name='frappe.core.doctype.scheduled_job_type.scheduled_job_type.run_scheduled_jo..., kwargs={'job_type': 'frappe.twofactor.delete_all_barcodes_for_users', 'scheduled_j..., method='frappe.core.doctype.scheduled_job_type.scheduled_job_type.run_scheduled_jo..., site='localhost', user='Administrator') (localhost||scheduled_job||tcjg322e3s)
2025-05-12 02:20:04,349 Successfully completed frappe.utils.background_jobs.execute_job(event=None, is_async=True, job_name='frappe.core.doctype.scheduled_job_type.scheduled_job_type.run_scheduled_jo..., kwargs={'job_type': 'frappe.twofactor.delete_all_barcodes_for_users', 'scheduled_j..., method='frappe.core.doctype.scheduled_job_type.scheduled_job_type.run_scheduled_jo..., site='localhost', user='Administrator') job in 0:00:00.125071s on worker 083260a5a92f4861b897f57df14b20cb
2025-05-12 02:20:04,349 home-lisian-trash2-frappe-bench:long: Job OK (localhost||scheduled_job||tcjg322e3s)
2025-05-12 02:20:04,349 Result is kept for 600 seconds
2025-05-12 02:20:04,358 home-lisian-trash2-frappe-bench:long: frappe.utils.background_jobs.execute_job(event=None, is_async=True, job_name='frappe.core.doctype.scheduled_job_type.scheduled_job_type.run_scheduled_jo..., kwargs={'job_type': 'erpnext.utilities.bulk_transaction.retry', 'scheduled_job_typ..., method='frappe.core.doctype.scheduled_job_type.scheduled_job_type.run_scheduled_jo..., site='localhost', user='Administrator') (localhost||scheduled_job||2nst4pmidc)
2025-05-12 02:20:04,522 Successfully completed frappe.utils.background_jobs.execute_job(event=None, is_async=True, job_name='frappe.core.doctype.scheduled_job_type.scheduled_job_type.run_scheduled_jo..., kwargs={'job_type': 'erpnext.utilities.bulk_transaction.retry', 'scheduled_job_typ..., method='frappe.core.doctype.scheduled_job_type.scheduled_job_type.run_scheduled_jo..., site='localhost', user='Administrator') job in 0:00:00.154555s on worker 083260a5a92f4861b897f57df14b20cb
2025-05-12 02:20:04,522 home-lisian-trash2-frappe-bench:long: Job OK (localhost||scheduled_job||2nst4pmidc)
2025-05-12 02:20:04,522 Result is kept for 600 seconds
2025-05-12 02:20:04,532 home-lisian-trash2-frappe-bench:long: frappe.utils.background_jobs.execute_job(event=None, is_async=True, job_name='frappe.core.doctype.scheduled_job_type.scheduled_job_type.run_scheduled_jo..., kwargs={'job_type': 'frappe.website.doctype.personal_data_deletion_request.persona..., method='frappe.core.doctype.scheduled_job_type.scheduled_job_type.run_scheduled_jo..., site='localhost', user='Administrator') (localhost||scheduled_job||tcjudq2f7b)
2025-05-12 02:20:04,691 Successfully completed frappe.utils.background_jobs.execute_job(event=None, is_async=True, job_name='frappe.core.doctype.scheduled_job_type.scheduled_job_type.run_scheduled_jo..., kwargs={'job_type': 'frappe.website.doctype.personal_data_deletion_request.persona..., method='frappe.core.doctype.scheduled_job_type.scheduled_job_type.run_scheduled_jo..., site='localhost', user='Administrator') job in 0:00:00.150260s on worker 083260a5a92f4861b897f57df14b20cb
2025-05-12 02:20:04,691 home-lisian-trash2-frappe-bench:long: Job OK (localhost||scheduled_job||tcjudq2f7b)
2025-05-12 02:20:04,691 Result is kept for 600 seconds
2025-05-12 02:20:04,700 home-lisian-trash2-frappe-bench:long: frappe.utils.background_jobs.execute_job(event=None, is_async=True, job_name='frappe.core.doctype.scheduled_job_type.scheduled_job_type.run_scheduled_jo..., kwargs={'job_type': 'erpnext.stock.doctype.repost_item_valuation.repost_item_valua..., method='frappe.core.doctype.scheduled_job_type.scheduled_job_type.run_scheduled_jo..., site='localhost', user='Administrator') (localhost||scheduled_job||2nsrpe0lrm)
2025-05-12 02:20:04,877 Successfully completed frappe.utils.background_jobs.execute_job(event=None, is_async=True, job_name='frappe.core.doctype.scheduled_job_type.scheduled_job_type.run_scheduled_jo..., kwargs={'job_type': 'erpnext.stock.doctype.repost_item_valuation.repost_item_valua..., method='frappe.core.doctype.scheduled_job_type.scheduled_job_type.run_scheduled_jo..., site='localhost', user='Administrator') job in 0:00:00.167931s on worker 083260a5a92f4861b897f57df14b20cb
2025-05-12 02:20:04,877 home-lisian-trash2-frappe-bench:long: Job OK (localhost||scheduled_job||2nsrpe0lrm)
2025-05-12 02:20:04,877 Result is kept for 600 seconds
2025-05-12 02:20:04,887 home-lisian-trash2-frappe-bench:long: frappe.utils.background_jobs.execute_job(event=None, is_async=True, job_name='frappe.core.doctype.scheduled_job_type.scheduled_job_type.run_scheduled_jo..., kwargs={'job_type': 'frappe.desk.notifications.clear_notifications', 'scheduled_jo..., method='frappe.core.doctype.scheduled_job_type.scheduled_job_type.run_scheduled_jo..., site='localhost', user='Administrator') (localhost||scheduled_job||tcjjtrdrpc)
2025-05-12 02:20:05,021 Successfully completed frappe.utils.background_jobs.execute_job(event=None, is_async=True, job_name='frappe.core.doctype.scheduled_job_type.scheduled_job_type.run_scheduled_jo..., kwargs={'job_type': 'frappe.desk.notifications.clear_notifications', 'scheduled_jo..., method='frappe.core.doctype.scheduled_job_type.scheduled_job_type.run_scheduled_jo..., site='localhost', user='Administrator') job in 0:00:00.124482s on worker 083260a5a92f4861b897f57df14b20cb
2025-05-12 02:20:05,021 home-lisian-trash2-frappe-bench:long: Job OK (localhost||scheduled_job||tcjjtrdrpc)
2025-05-12 02:20:05,021 Result is kept for 600 seconds
2025-05-12 02:20:05,031 home-lisian-trash2-frappe-bench:long: frappe.utils.background_jobs.execute_job(event=None, is_async=True, job_name='frappe.core.doctype.scheduled_job_type.scheduled_job_type.run_scheduled_jo..., kwargs={'job_type': 'frappe.automation.doctype.auto_repeat.auto_repeat.make_auto_r..., method='frappe.core.doctype.scheduled_job_type.scheduled_job_type.run_scheduled_jo..., site='localhost', user='Administrator') (localhost||scheduled_job||tckejgmjs4)
2025-05-12 02:20:05,256 Successfully completed frappe.utils.background_jobs.execute_job(event=None, is_async=True, job_name='frappe.core.doctype.scheduled_job_type.scheduled_job_type.run_scheduled_jo..., kwargs={'job_type': 'frappe.automation.doctype.auto_repeat.auto_repeat.make_auto_r..., method='frappe.core.doctype.scheduled_job_type.scheduled_job_type.run_scheduled_jo..., site='localhost', user='Administrator') job in 0:00:00.215283s on worker 083260a5a92f4861b897f57df14b20cb
2025-05-12 02:20:05,256 home-lisian-trash2-frappe-bench:long: Job OK (localhost||scheduled_job||tckejgmjs4)
2025-05-12 02:20:05,256 Result is kept for 600 seconds
2025-05-12 02:20:05,268 home-lisian-trash2-frappe-bench:long: frappe.utils.background_jobs.execute_job(event=None, is_async=True, job_name='frappe.core.doctype.scheduled_job_type.scheduled_job_type.run_scheduled_jo..., kwargs={'job_type': 'frappe.integrations.doctype.google_contacts.google_contacts.s..., method='frappe.core.doctype.scheduled_job_type.scheduled_job_type.run_scheduled_jo..., site='localhost', user='Administrator') (localhost||scheduled_job||tcj2r1ktul)
2025-05-12 02:20:05,549 Successfully completed frappe.utils.background_jobs.execute_job(event=None, is_async=True, job_name='frappe.core.doctype.scheduled_job_type.scheduled_job_type.run_scheduled_jo..., kwargs={'job_type': 'frappe.integrations.doctype.google_contacts.google_contacts.s..., method='frappe.core.doctype.scheduled_job_type.scheduled_job_type.run_scheduled_jo..., site='localhost', user='Administrator') job in 0:00:00.270994s on worker 083260a5a92f4861b897f57df14b20cb
2025-05-12 02:20:05,550 home-lisian-trash2-frappe-bench:long: Job OK (localhost||scheduled_job||tcj2r1ktul)
2025-05-12 02:20:05,550 Result is kept for 600 seconds
2025-05-12 02:20:05,561 home-lisian-trash2-frappe-bench:long: frappe.utils.background_jobs.execute_job(event=None, is_async=True, job_name='frappe.core.doctype.scheduled_job_type.scheduled_job_type.run_scheduled_jo..., kwargs={'job_type': 'frappe.website.doctype.web_page.web_page.check_publish_status..., method='frappe.core.doctype.scheduled_job_type.scheduled_job_type.run_scheduled_jo..., site='localhost', user='Administrator') (localhost||scheduled_job||tcjg768c4c)
2025-05-12 02:20:05,776 Successfully completed frappe.utils.background_jobs.execute_job(event=None, is_async=True, job_name='frappe.core.doctype.scheduled_job_type.scheduled_job_type.run_scheduled_jo..., kwargs={'job_type': 'frappe.website.doctype.web_page.web_page.check_publish_status..., method='frappe.core.doctype.scheduled_job_type.scheduled_job_type.run_scheduled_jo..., site='localhost', user='Administrator') job in 0:00:00.205650s on worker 083260a5a92f4861b897f57df14b20cb
2025-05-12 02:20:05,777 home-lisian-trash2-frappe-bench:long: Job OK (localhost||scheduled_job||tcjg768c4c)
2025-05-12 02:20:05,777 Result is kept for 600 seconds
2025-05-12 02:20:05,787 home-lisian-trash2-frappe-bench:long: frappe.utils.background_jobs.execute_job(event=None, is_async=True, job_name='frappe.core.doctype.scheduled_job_type.scheduled_job_type.run_scheduled_jo..., kwargs={'job_type': 'frappe.integrations.doctype.google_drive.google_drive.daily_b..., method='frappe.core.doctype.scheduled_job_type.scheduled_job_type.run_scheduled_jo..., site='localhost', user='Administrator') (localhost||scheduled_job||tcjocbs6mq)
2025-05-12 02:20:06,077 Successfully completed frappe.utils.background_jobs.execute_job(event=None, is_async=True, job_name='frappe.core.doctype.scheduled_job_type.scheduled_job_type.run_scheduled_jo..., kwargs={'job_type': 'frappe.integrations.doctype.google_drive.google_drive.daily_b..., method='frappe.core.doctype.scheduled_job_type.scheduled_job_type.run_scheduled_jo..., site='localhost', user='Administrator') job in 0:00:00.281569s on worker 083260a5a92f4861b897f57df14b20cb
2025-05-12 02:20:06,077 home-lisian-trash2-frappe-bench:long: Job OK (localhost||scheduled_job||tcjocbs6mq)
2025-05-12 02:20:06,077 Result is kept for 600 seconds
2025-05-12 02:20:06,091 home-lisian-trash2-frappe-bench:long: frappe.utils.background_jobs.execute_job(event=None, is_async=True, job_name='frappe.core.doctype.scheduled_job_type.scheduled_job_type.run_scheduled_jo..., kwargs={'job_type': 'frappe.desk.page.backups.backups.delete_downloadable_backups'..., method='frappe.core.doctype.scheduled_job_type.scheduled_job_type.run_scheduled_jo..., site='localhost', user='Administrator') (localhost||scheduled_job||tcjcc62bem)
2025-05-12 02:20:06,233 Successfully completed frappe.utils.background_jobs.execute_job(event=None, is_async=True, job_name='frappe.core.doctype.scheduled_job_type.scheduled_job_type.run_scheduled_jo..., kwargs={'job_type': 'frappe.desk.page.backups.backups.delete_downloadable_backups'..., method='frappe.core.doctype.scheduled_job_type.scheduled_job_type.run_scheduled_jo..., site='localhost', user='Administrator') job in 0:00:00.133101s on worker 083260a5a92f4861b897f57df14b20cb
2025-05-12 02:20:06,233 home-lisian-trash2-frappe-bench:long: Job OK (localhost||scheduled_job||tcjcc62bem)
2025-05-12 02:20:06,233 Result is kept for 600 seconds
2025-05-12 02:20:06,244 home-lisian-trash2-frappe-bench:long: frappe.utils.background_jobs.execute_job(event=None, is_async=True, job_name='frappe.core.doctype.scheduled_job_type.scheduled_job_type.run_scheduled_jo..., kwargs={'job_type': 'frappe.email.doctype.auto_email_report.auto_email_report.send..., method='frappe.core.doctype.scheduled_job_type.scheduled_job_type.run_scheduled_jo..., site='localhost', user='Administrator') (localhost||scheduled_job||tcjnc4r9sh)
2025-05-12 02:20:06,594 Successfully completed frappe.utils.background_jobs.execute_job(event=None, is_async=True, job_name='frappe.core.doctype.scheduled_job_type.scheduled_job_type.run_scheduled_jo..., kwargs={'job_type': 'frappe.email.doctype.auto_email_report.auto_email_report.send..., method='frappe.core.doctype.scheduled_job_type.scheduled_job_type.run_scheduled_jo..., site='localhost', user='Administrator') job in 0:00:00.340431s on worker 083260a5a92f4861b897f57df14b20cb
2025-05-12 02:20:06,594 home-lisian-trash2-frappe-bench:long: Job OK (localhost||scheduled_job||tcjnc4r9sh)
2025-05-12 02:20:06,594 Result is kept for 600 seconds
2025-05-12 02:20:06,605 home-lisian-trash2-frappe-bench:long: frappe.utils.background_jobs.execute_job(event=None, is_async=True, job_name='frappe.core.doctype.scheduled_job_type.scheduled_job_type.run_scheduled_jo..., kwargs={'job_type': 'frappe.sessions.clear_expired_sessions', 'scheduled_job_type'..., method='frappe.core.doctype.scheduled_job_type.scheduled_job_type.run_scheduled_jo..., site='localhost', user='Administrator') (localhost||scheduled_job||tcj4afd1v6)
2025-05-12 02:20:06,734 Successfully completed frappe.utils.background_jobs.execute_job(event=None, is_async=True, job_name='frappe.core.doctype.scheduled_job_type.scheduled_job_type.run_scheduled_jo..., kwargs={'job_type': 'frappe.sessions.clear_expired_sessions', 'scheduled_job_type'..., method='frappe.core.doctype.scheduled_job_type.scheduled_job_type.run_scheduled_jo..., site='localhost', user='Administrator') job in 0:00:00.121281s on worker 083260a5a92f4861b897f57df14b20cb
2025-05-12 02:20:06,735 home-lisian-trash2-frappe-bench:long: Job OK (localhost||scheduled_job||tcj4afd1v6)
2025-05-12 02:20:06,735 Result is kept for 600 seconds
2025-05-12 02:20:06,745 home-lisian-trash2-frappe-bench:long: frappe.utils.background_jobs.execute_job(event=None, is_async=True, job_name='frappe.core.doctype.scheduled_job_type.scheduled_job_type.run_scheduled_jo..., kwargs={'job_type': 'hrms.hr.doctype.shift_type.shift_type.process_auto_attendance..., method='frappe.core.doctype.scheduled_job_type.scheduled_job_type.run_scheduled_jo..., site='localhost', user='Administrator') (localhost||scheduled_job||2nsj77tai9)
2025-05-12 02:20:06,939 Successfully completed frappe.utils.background_jobs.execute_job(event=None, is_async=True, job_name='frappe.core.doctype.scheduled_job_type.scheduled_job_type.run_scheduled_jo..., kwargs={'job_type': 'hrms.hr.doctype.shift_type.shift_type.process_auto_attendance..., method='frappe.core.doctype.scheduled_job_type.scheduled_job_type.run_scheduled_jo..., site='localhost', user='Administrator') job in 0:00:00.185341s on worker 083260a5a92f4861b897f57df14b20cb
2025-05-12 02:20:06,939 home-lisian-trash2-frappe-bench:long: Job OK (localhost||scheduled_job||2nsj77tai9)
2025-05-12 02:20:06,939 Result is kept for 600 seconds
2025-05-12 02:20:06,949 home-lisian-trash2-frappe-bench:long: frappe.utils.background_jobs.execute_job(event=None, is_async=True, job_name='frappe.core.doctype.scheduled_job_type.scheduled_job_type.run_scheduled_jo..., kwargs={'job_type': 'frappe.oauth.delete_oauth2_data', 'scheduled_job_type': 'tcjf..., method='frappe.core.doctype.scheduled_job_type.scheduled_job_type.run_scheduled_jo..., site='localhost', user='Administrator') (localhost||scheduled_job||tcjfjrb02k)
2025-05-12 02:20:07,114 Successfully completed frappe.utils.background_jobs.execute_job(event=None, is_async=True, job_name='frappe.core.doctype.scheduled_job_type.scheduled_job_type.run_scheduled_jo..., kwargs={'job_type': 'frappe.oauth.delete_oauth2_data', 'scheduled_job_type': 'tcjf..., method='frappe.core.doctype.scheduled_job_type.scheduled_job_type.run_scheduled_jo..., site='localhost', user='Administrator') job in 0:00:00.155701s on worker 083260a5a92f4861b897f57df14b20cb
2025-05-12 02:20:07,114 home-lisian-trash2-frappe-bench:long: Job OK (localhost||scheduled_job||tcjfjrb02k)
2025-05-12 02:20:07,114 Result is kept for 600 seconds
2025-05-12 02:20:07,124 home-lisian-trash2-frappe-bench:long: frappe.utils.background_jobs.execute_job(event=None, is_async=True, job_name='frappe.core.doctype.scheduled_job_type.scheduled_job_type.run_scheduled_jo..., kwargs={'job_type': 'frappe.desk.form.document_follow.send_hourly_updates', 'sched..., method='frappe.core.doctype.scheduled_job_type.scheduled_job_type.run_scheduled_jo..., site='localhost', user='Administrator') (localhost||scheduled_job||tcjsoj097t)
2025-05-12 02:20:07,262 Successfully completed frappe.utils.background_jobs.execute_job(event=None, is_async=True, job_name='frappe.core.doctype.scheduled_job_type.scheduled_job_type.run_scheduled_jo..., kwargs={'job_type': 'frappe.desk.form.document_follow.send_hourly_updates', 'sched..., method='frappe.core.doctype.scheduled_job_type.scheduled_job_type.run_scheduled_jo..., site='localhost', user='Administrator') job in 0:00:00.129500s on worker 083260a5a92f4861b897f57df14b20cb
2025-05-12 02:20:07,262 home-lisian-trash2-frappe-bench:long: Job OK (localhost||scheduled_job||tcjsoj097t)
2025-05-12 02:20:07,262 Result is kept for 600 seconds
2025-05-12 02:20:07,271 home-lisian-trash2-frappe-bench:long: frappe.utils.background_jobs.execute_job(event=None, is_async=True, job_name='frappe.core.doctype.scheduled_job_type.scheduled_job_type.run_scheduled_jo..., kwargs={'job_type': 'frappe.core.doctype.prepared_report.prepared_report.expire_st..., method='frappe.core.doctype.scheduled_job_type.scheduled_job_type.run_scheduled_jo..., site='localhost', user='Administrator') (localhost||scheduled_job||tcjvdi3que)
2025-05-12 02:20:07,408 Successfully completed frappe.utils.background_jobs.execute_job(event=None, is_async=True, job_name='frappe.core.doctype.scheduled_job_type.scheduled_job_type.run_scheduled_jo..., kwargs={'job_type': 'frappe.core.doctype.prepared_report.prepared_report.expire_st..., method='frappe.core.doctype.scheduled_job_type.scheduled_job_type.run_scheduled_jo..., site='localhost', user='Administrator') job in 0:00:00.125693s on worker 083260a5a92f4861b897f57df14b20cb
2025-05-12 02:20:07,408 home-lisian-trash2-frappe-bench:long: Job OK (localhost||scheduled_job||tcjvdi3que)
2025-05-12 02:20:07,408 Result is kept for 600 seconds
2025-05-12 02:20:07,418 home-lisian-trash2-frappe-bench:long: frappe.utils.background_jobs.execute_job(event=None, is_async=True, job_name='frappe.core.doctype.scheduled_job_type.scheduled_job_type.run_scheduled_jo..., kwargs={'job_type': 'frappe.model.utils.user_settings.sync_user_settings', 'schedu..., method='frappe.core.doctype.scheduled_job_type.scheduled_job_type.run_scheduled_jo..., site='localhost', user='Administrator') (localhost||scheduled_job||tcjqumodgp)
2025-05-12 02:20:07,557 Successfully completed frappe.utils.background_jobs.execute_job(event=None, is_async=True, job_name='frappe.core.doctype.scheduled_job_type.scheduled_job_type.run_scheduled_jo..., kwargs={'job_type': 'frappe.model.utils.user_settings.sync_user_settings', 'schedu..., method='frappe.core.doctype.scheduled_job_type.scheduled_job_type.run_scheduled_jo..., site='localhost', user='Administrator') job in 0:00:00.129410s on worker 083260a5a92f4861b897f57df14b20cb
2025-05-12 02:20:07,557 home-lisian-trash2-frappe-bench:long: Job OK (localhost||scheduled_job||tcjqumodgp)
2025-05-12 02:20:07,557 Result is kept for 600 seconds
2025-05-12 02:20:07,566 home-lisian-trash2-frappe-bench:long: frappe.utils.background_jobs.execute_job(event=None, is_async=True, job_name='frappe.core.doctype.scheduled_job_type.scheduled_job_type.run_scheduled_jo..., kwargs={'job_type': 'hrms.hr.doctype.shift_type.shift_type.update_last_sync_of_che..., method='frappe.core.doctype.scheduled_job_type.scheduled_job_type.run_scheduled_jo..., site='localhost', user='Administrator') (localhost||scheduled_job||2nsumolf2r)
2025-05-12 02:20:07,723 Successfully completed frappe.utils.background_jobs.execute_job(event=None, is_async=True, job_name='frappe.core.doctype.scheduled_job_type.scheduled_job_type.run_scheduled_jo..., kwargs={'job_type': 'hrms.hr.doctype.shift_type.shift_type.update_last_sync_of_che..., method='frappe.core.doctype.scheduled_job_type.scheduled_job_type.run_scheduled_jo..., site='localhost', user='Administrator') job in 0:00:00.147867s on worker 083260a5a92f4861b897f57df14b20cb
2025-05-12 02:20:07,723 home-lisian-trash2-frappe-bench:long: Job OK (localhost||scheduled_job||2nsumolf2r)
2025-05-12 02:20:07,723 Result is kept for 600 seconds
2025-05-12 02:20:07,733 home-lisian-trash2-frappe-bench:long: frappe.utils.background_jobs.execute_job(event=None, is_async=True, job_name='frappe.core.doctype.scheduled_job_type.scheduled_job_type.run_scheduled_jo..., kwargs={'job_type': 'frappe.integrations.doctype.dropbox_settings.dropbox_settings..., method='frappe.core.doctype.scheduled_job_type.scheduled_job_type.run_scheduled_jo..., site='localhost', user='Administrator') (localhost||scheduled_job||tcjnq0mjio)
2025-05-12 02:20:08,062 Successfully completed frappe.utils.background_jobs.execute_job(event=None, is_async=True, job_name='frappe.core.doctype.scheduled_job_type.scheduled_job_type.run_scheduled_jo..., kwargs={'job_type': 'frappe.integrations.doctype.dropbox_settings.dropbox_settings..., method='frappe.core.doctype.scheduled_job_type.scheduled_job_type.run_scheduled_jo..., site='localhost', user='Administrator') job in 0:00:00.320109s on worker 083260a5a92f4861b897f57df14b20cb
2025-05-12 02:20:08,062 home-lisian-trash2-frappe-bench:long: Job OK (localhost||scheduled_job||tcjnq0mjio)
2025-05-12 02:20:08,062 Result is kept for 600 seconds
2025-05-12 02:20:08,075 home-lisian-trash2-frappe-bench:long: frappe.utils.background_jobs.execute_job(event=None, is_async=True, job_name='frappe.core.doctype.scheduled_job_type.scheduled_job_type.run_scheduled_jo..., kwargs={'job_type': 'frappe.core.doctype.log_settings.log_settings.run_log_clean_u..., method='frappe.core.doctype.scheduled_job_type.scheduled_job_type.run_scheduled_jo..., site='localhost', user='Administrator') (localhost||scheduled_job||tckg3d3ror)
2025-05-12 02:20:08,456 Successfully completed frappe.utils.background_jobs.execute_job(event=None, is_async=True, job_name='frappe.core.doctype.scheduled_job_type.scheduled_job_type.run_scheduled_jo..., kwargs={'job_type': 'frappe.core.doctype.log_settings.log_settings.run_log_clean_u..., method='frappe.core.doctype.scheduled_job_type.scheduled_job_type.run_scheduled_jo..., site='localhost', user='Administrator') job in 0:00:00.371804s on worker 083260a5a92f4861b897f57df14b20cb
2025-05-12 02:20:08,456 home-lisian-trash2-frappe-bench:long: Job OK (localhost||scheduled_job||tckg3d3ror)
2025-05-12 02:20:08,456 Result is kept for 600 seconds
2025-05-12 02:20:08,469 home-lisian-trash2-frappe-bench:long: frappe.utils.background_jobs.execute_job(event=None, is_async=True, job_name='frappe.core.doctype.scheduled_job_type.scheduled_job_type.run_scheduled_jo..., kwargs={'job_type': 'hrms.hr.doctype.shift_schedule_assignment.shift_schedule_assi..., method='frappe.core.doctype.scheduled_job_type.scheduled_job_type.run_scheduled_jo..., site='localhost', user='Administrator') (localhost||scheduled_job||2ns9pbu4dl)
2025-05-12 02:20:08,647 Successfully completed frappe.utils.background_jobs.execute_job(event=None, is_async=True, job_name='frappe.core.doctype.scheduled_job_type.scheduled_job_type.run_scheduled_jo..., kwargs={'job_type': 'hrms.hr.doctype.shift_schedule_assignment.shift_schedule_assi..., method='frappe.core.doctype.scheduled_job_type.scheduled_job_type.run_scheduled_jo..., site='localhost', user='Administrator') job in 0:00:00.169245s on worker 083260a5a92f4861b897f57df14b20cb
2025-05-12 02:20:08,647 home-lisian-trash2-frappe-bench:long: Job OK (localhost||scheduled_job||2ns9pbu4dl)
2025-05-12 02:20:08,647 Result is kept for 600 seconds
2025-05-12 02:20:08,659 home-lisian-trash2-frappe-bench:long: frappe.utils.background_jobs.execute_job(event=None, is_async=True, job_name='frappe.core.doctype.scheduled_job_type.scheduled_job_type.run_scheduled_jo..., kwargs={'job_type': 'frappe.integrations.doctype.s3_backup_settings.s3_backup_sett..., method='frappe.core.doctype.scheduled_job_type.scheduled_job_type.run_scheduled_jo..., site='localhost', user='Administrator') (localhost||scheduled_job||tcj7m6pm1d)
2025-05-12 02:20:08,963 Successfully completed frappe.utils.background_jobs.execute_job(event=None, is_async=True, job_name='frappe.core.doctype.scheduled_job_type.scheduled_job_type.run_scheduled_jo..., kwargs={'job_type': 'frappe.integrations.doctype.s3_backup_settings.s3_backup_sett..., method='frappe.core.doctype.scheduled_job_type.scheduled_job_type.run_scheduled_jo..., site='localhost', user='Administrator') job in 0:00:00.294973s on worker 083260a5a92f4861b897f57df14b20cb
2025-05-12 02:20:08,963 home-lisian-trash2-frappe-bench:long: Job OK (localhost||scheduled_job||tcj7m6pm1d)
2025-05-12 02:20:08,963 Result is kept for 600 seconds
2025-05-12 02:20:08,977 home-lisian-trash2-frappe-bench:long: frappe.utils.background_jobs.execute_job(event=None, is_async=True, job_name='frappe.core.doctype.scheduled_job_type.scheduled_job_type.run_scheduled_jo..., kwargs={'job_type': 'frappe.model.utils.link_count.update_link_count', 'scheduled_..., method='frappe.core.doctype.scheduled_job_type.scheduled_job_type.run_scheduled_jo..., site='localhost', user='Administrator') (localhost||scheduled_job||tcj2jedhqt)
2025-05-12 02:20:09,116 Successfully completed frappe.utils.background_jobs.execute_job(event=None, is_async=True, job_name='frappe.core.doctype.scheduled_job_type.scheduled_job_type.run_scheduled_jo..., kwargs={'job_type': 'frappe.model.utils.link_count.update_link_count', 'scheduled_..., method='frappe.core.doctype.scheduled_job_type.scheduled_job_type.run_scheduled_jo..., site='localhost', user='Administrator') job in 0:00:00.129807s on worker 083260a5a92f4861b897f57df14b20cb
2025-05-12 02:20:09,117 home-lisian-trash2-frappe-bench:long: Job OK (localhost||scheduled_job||tcj2jedhqt)
2025-05-12 02:20:09,117 Result is kept for 600 seconds
2025-05-12 02:20:09,127 home-lisian-trash2-frappe-bench:long: frappe.utils.background_jobs.execute_job(event=None, is_async=True, job_name='frappe.core.doctype.scheduled_job_type.scheduled_job_type.run_scheduled_jo..., kwargs={'job_type': 'frappe.website.doctype.personal_data_deletion_request.persona..., method='frappe.core.doctype.scheduled_job_type.scheduled_job_type.run_scheduled_jo..., site='localhost', user='Administrator') (localhost||scheduled_job||tcj8ulf8kv)
2025-05-12 02:20:09,262 Successfully completed frappe.utils.background_jobs.execute_job(event=None, is_async=True, job_name='frappe.core.doctype.scheduled_job_type.scheduled_job_type.run_scheduled_jo..., kwargs={'job_type': 'frappe.website.doctype.personal_data_deletion_request.persona..., method='frappe.core.doctype.scheduled_job_type.scheduled_job_type.run_scheduled_jo..., site='localhost', user='Administrator') job in 0:00:00.126362s on worker 083260a5a92f4861b897f57df14b20cb
2025-05-12 02:20:09,262 home-lisian-trash2-frappe-bench:long: Job OK (localhost||scheduled_job||tcj8ulf8kv)
2025-05-12 02:20:09,262 Result is kept for 600 seconds
2025-05-12 02:20:09,272 home-lisian-trash2-frappe-bench:long: frappe.utils.background_jobs.execute_job(event=None, is_async=True, job_name='frappe.automation.doctype.auto_repeat.auto_repeat.create_repeated_entries', kwargs={'data': []}, method='frappe.automation.doctype.auto_repeat.auto_repeat.create_repeated_entries', site='localhost', user='Administrator') (localhost||5d61bd99-87cf-4615-be56-4ec77d2f3e7b)
2025-05-12 02:20:09,382 Successfully completed frappe.utils.background_jobs.execute_job(event=None, is_async=True, job_name='frappe.automation.doctype.auto_repeat.auto_repeat.create_repeated_entries', kwargs={'data': []}, method='frappe.automation.doctype.auto_repeat.auto_repeat.create_repeated_entries', site='localhost', user='Administrator') job in 0:00:00.101018s on worker 083260a5a92f4861b897f57df14b20cb
2025-05-12 02:20:09,382 home-lisian-trash2-frappe-bench:long: Job OK (localhost||5d61bd99-87cf-4615-be56-4ec77d2f3e7b)
2025-05-12 02:20:09,382 Result is kept for 600 seconds
